pbindaff,6.6,7.6,8.6,16.6,6.7,7.7,8.7,16.7,6.8,7.8,8.8,16.8,6.16,7.16,8.16,16.16,6.15,7.15,8.15,16.15,6.9,7.9,8.9,16.9,6.17,7.17,8.17,16.17,6.35,7.35,8.35,16.35,6.53,7.53,8.53,16.53,gauss1,gauss2,repulsion,hydrophobic,hydrogenbonding,flexibility,PDB
2.0700,2176.0000,580.0000,560.0000,0.0000,470.0000,124.0000,129.0000,0.0000,438.0000,114.0000,109.0000,0.0000,0.0000,0.0000,0.0000,0.0000,0.0000,0.0000,0.0000,0.0000,0.0000,0.0000,0.0000,0.0000,0.0000,0.0000,0.0000,0.0000,0.0000,0.0000,0.0000,0.0000,0.0000,0.0000,0.0000,0.0000,89.1200,1011.2182,4.0398,20.1253,1.0738,0.4000,3ao4
2.2300,1312.0000,415.0000,465.0000,26.0000,0.0000,0.0000,0.0000,0.0000,1311.0000,409.0000,457.0000,28.0000,0.0000,0.0000,0.0000,0.0000,0.0000,0.0000,0.0000,0.0000,0.0000,0.0000,0.0000,0.0000,0.0000,0.0000,0.0000,0.0000,0.0000,0.0000,0.0000,0.0000,0.0000,0.0000,0.0000,0.0000,77.2851,885.9867,7.2560,0.0000,7.5879,0.2500,3i3b
2.2700,1282.0000,362.0000,447.0000,38.0000,197.0000,56.0000,62.0000,5.0000,0.0000,0.0000,0.0000,0.0000,0.0000,0.0000,0.0000,0.0000,0.0000,0.0000,0.0000,0.0000,0.0000,0.0000,0.0000,0.0000,0.0000,0.0000,0.0000,0.0000,0.0000,0.0000,0.0000,0.0000,0.0000,0.0000,0.0000,0.0000,41.0500,572.6500,0.7622,6.2835,1.3651,0.2857,1uto
2.2800,1622.0000,421.0000,459.0000,8.0000,388.0000,103.0000,109.0000,2.0000,1191.0000,303.0000,347.0000,4.0000,0.0000,0.0000,0.0000,0.0000,0.0000,0.0000,0.0000,0.0000,0.0000,0.0000,0.0000,0.0000,0.0000,0.0000,0.0000,0.0000,0.0000,0.0000,0.0000,0.0000,0.0000,0.0000,0.0000,0.0000,91.1199,979.8383,7.1719,0.0000,10.0943,0.2500,1ps3
2.3500,1454.0000,406.0000,446.0000,0.0000,0.0000,0.0000,0.0000,0.0000,1333.0000,381.0000,426.0000,0.0000,0.0000,0.0000,0.0000,0.0000,0.0000,0.0000,0.0000,0.0000,0.0000,0.0000,0.0000,0.0000,0.0000,0.0000,0.0000,0.0000,0.0000,0.0000,0.0000,0.0000,0.0000,0.0000,0.0000,0.0000,65.0744,776.7975,5.8332,0.0000,8.8769,0.1111,1qi0
2.3600,887.0000,307.0000,357.0000,8.0000,846.0000,262.0000,331.0000,8.0000,95.0000,33.0000,40.0000,1.0000,0.0000,0.0000,0.0000,0.0000,0.0000,0.0000,0.0000,0.0000,0.0000,0.0000,0.0000,0.0000,0.0000,0.0000,0.0000,0.0000,0.0000,0.0000,0.0000,0.0000,0.0000,0.0000,0.0000,0.0000,38.3091,582.1671,2.8476,12.3457,3.4712,0.3333,3g2z
2.4000,1228.0000,361.0000,296.0000,28.0000,311.0000,85.0000,75.0000,8.0000,1031.0000,335.0000,278.0000,22.0000,0.0000,0.0000,0.0000,0.0000,69.0000,29.0000,21.0000,1.0000,0.0000,0.0000,0.0000,0.0000,0.0000,0.0000,0.0000,0.0000,0.0000,0.0000,0.0000,0.0000,0.0000,0.0000,0.0000,0.0000,38.4538,874.5959,1.5193,2.1972,2.1228,0.1667,3dxg
2.4000,2032.0000,641.0000,695.0000,11.0000,629.0000,190.0000,203.0000,0.0000,1011.0000,325.0000,337.0000,7.0000,5.0000,0.0000,0.0000,0.0000,0.0000,0.0000,0.0000,0.0000,208.0000,65.0000,71.0000,2.0000,1.0000,0.0000,0.0000,0.0000,0.0000,0.0000,0.0000,0.0000,0.0000,0.0000,0.0000,0.0000,88.3900,1224.4084,2.8106,6.5260,4.9647,0.2000,3l7b
2.5200,1308.0000,407.0000,483.0000,1.0000,804.0000,246.0000,289.0000,3.0000,338.0000,103.0000,124.0000,0.0000,0.0000,0.0000,0.0000,0.0000,0.0000,0.0000,0.0000,0.0000,0.0000,0.0000,0.0000,0.0000,0.0000,0.0000,0.0000,0.0000,0.0000,0.0000,0.0000,0.0000,0.0000,0.0000,0.0000,0.0000,72.0302,934.3773,5.7905,1.4933,6.2298,0.1667,3mfv
2.5500,1132.0000,298.0000,416.0000,18.0000,191.0000,54.0000,74.0000,3.0000,309.0000,83.0000,114.0000,6.0000,0.0000,0.0000,0.0000,0.0000,0.0000,0.0000,0.0000,0.0000,0.0000,0.0000,0.0000,0.0000,0.0000,0.0000,0.0000,0.0000,0.0000,0.0000,0.0000,0.0000,0.0000,0.0000,0.0000,0.0000,30.9638,578.2145,3.0962,26.1958,3.0916,0.2222,3b3s
2.5700,1445.0000,388.0000,455.0000,41.0000,210.0000,59.0000,65.0000,5.0000,285.0000,87.0000,102.0000,8.0000,0.0000,0.0000,0.0000,0.0000,0.0000,0.0000,0.0000,0.0000,0.0000,0.0000,0.0000,0.0000,0.0000,0.0000,0.0000,0.0000,0.0000,0.0000,0.0000,0.0000,0.0000,0.0000,0.0000,0.0000,49.3099,691.0060,1.4653,3.7396,1.1653,0.2857,3kgp
2.6200,622.0000,208.0000,209.0000,14.0000,207.0000,70.0000,70.0000,3.0000,1066.0000,358.0000,345.0000,21.0000,0.0000,0.0000,0.0000,0.0000,212.0000,73.0000,67.0000,3.0000,0.0000,0.0000,0.0000,0.0000,0.0000,0.0000,0.0000,0.0000,0.0000,0.0000,0.0000,0.0000,0.0000,0.0000,0.0000,0.0000,69.6526,635.7812,10.4673,0.0000,11.2815,0.2000,3fk1
2.7700,1877.0000,493.0000,578.0000,7.0000,0.0000,0.0000,0.0000,0.0000,804.0000,229.0000,261.0000,5.0000,0.0000,0.0000,0.0000,0.0000,0.0000,0.0000,0.0000,0.0000,0.0000,0.0000,0.0000,0.0000,0.0000,0.0000,0.0000,0.0000,0.0000,0.0000,0.0000,0.0000,0.0000,0.0000,0.0000,0.0000,63.6428,824.6841,4.4454,16.4480,2.1053,0.2500,3fcq
2.8200,1349.0000,317.0000,352.0000,7.0000,149.0000,39.0000,42.0000,1.0000,530.0000,130.0000,140.0000,3.0000,161.0000,43.0000,48.0000,1.0000,0.0000,0.0000,0.0000,0.0000,0.0000,0.0000,0.0000,0.0000,0.0000,0.0000,0.0000,0.0000,0.0000,0.0000,0.0000,0.0000,0.0000,0.0000,0.0000,0.0000,55.7747,807.2994,1.8148,14.6271,1.5310,0.2857,3lka
2.8500,2061.0000,539.0000,605.0000,2.0000,365.0000,87.0000,106.0000,1.0000,165.0000,43.0000,55.0000,0.0000,0.0000,0.0000,0.0000,0.0000,0.0000,0.0000,0.0000,0.0000,0.0000,0.0000,0.0000,0.0000,0.0000,0.0000,0.0000,0.0000,0.0000,0.0000,0.0000,0.0000,0.0000,0.0000,0.0000,0.0000,57.7026,781.9296,2.8337,39.1537,3.4710,1.0000,3udh
2.8900,1317.0000,344.0000,425.0000,0.0000,0.0000,0.0000,0.0000,0.0000,505.0000,120.0000,149.0000,0.0000,0.0000,0.0000,0.0000,0.0000,0.0000,0.0000,0.0000,0.0000,0.0000,0.0000,0.0000,0.0000,0.0000,0.0000,0.0000,0.0000,0.0000,0.0000,0.0000,0.0000,0.0000,0.0000,0.0000,0.0000,50.5714,614.8162,2.7657,19.0820,3.2273,0.1429,4gqq
2.9600,1635.0000,495.0000,473.0000,11.0000,195.0000,57.0000,54.0000,2.0000,167.0000,50.0000,46.0000,1.0000,0.0000,0.0000,0.0000,0.0000,0.0000,0.0000,0.0000,0.0000,0.0000,0.0000,0.0000,0.0000,0.0000,0.0000,0.0000,0.0000,0.0000,0.0000,0.0000,0.0000,0.0000,0.0000,0.0000,0.0000,59.2175,783.5180,1.1461,15.2651,0.7549,0.5000,3imc
3.1000,2443.0000,605.0000,782.0000,21.0000,188.0000,50.0000,64.0000,2.0000,661.0000,165.0000,199.0000,5.0000,0.0000,0.0000,0.0000,0.0000,0.0000,0.0000,0.0000,0.0000,0.0000,0.0000,0.0000,0.0000,0.0000,0.0000,0.0000,0.0000,0.0000,0.0000,0.0000,0.0000,0.0000,0.0000,0.0000,0.0000,65.9321,1041.6355,1.1455,14.2258,1.1429,0.1818,2xdl
3.1600,2068.0000,518.0000,610.0000,30.0000,435.0000,104.0000,119.0000,6.0000,208.0000,49.0000,57.0000,3.0000,0.0000,0.0000,0.0000,0.0000,0.0000,0.0000,0.0000,0.0000,0.0000,0.0000,0.0000,0.0000,0.0000,0.0000,0.0000,0.0000,0.0000,0.0000,0.0000,0.0000,0.0000,0.0000,0.0000,0.0000,78.0583,907.4813,3.8389,28.2853,4.8267,0.2500,2ymd
3.1800,1637.0000,420.0000,427.0000,33.0000,491.0000,132.0000,129.0000,9.0000,952.0000,242.0000,253.0000,16.0000,151.0000,36.0000,44.0000,3.0000,0.0000,0.0000,0.0000,0.0000,0.0000,0.0000,0.0000,0.0000,0.0000,0.0000,0.0000,0.0000,0.0000,0.0000,0.0000,0.0000,0.0000,0.0000,0.0000,0.0000,90.6795,886.8848,5.5765,1.9411,7.6622,0.0909,1lbk
3.2800,2007.0000,561.0000,660.0000,57.0000,437.0000,120.0000,147.0000,12.0000,0.0000,0.0000,0.0000,0.0000,0.0000,0.0000,0.0000,0.0000,0.0000,0.0000,0.0000,0.0000,0.0000,0.0000,0.0000,0.0000,0.0000,0.0000,0.0000,0.0000,0.0000,0.0000,0.0000,0.0000,0.0000,0.0000,0.0000,0.0000,61.6900,865.7314,0.6354,11.1526,0.7476,0.6667,1bcu
3.2800,3223.0000,919.0000,966.0000,35.0000,224.0000,67.0000,72.0000,2.0000,596.0000,168.0000,177.0000,5.0000,0.0000,0.0000,0.0000,0.0000,0.0000,0.0000,0.0000,0.0000,0.0000,0.0000,0.0000,0.0000,0.0000,0.0000,0.0000,0.0000,0.0000,0.0000,0.0000,0.0000,0.0000,0.0000,0.0000,0.0000,92.6819,1384.9982,3.5938,32.7901,4.8637,0.0909,3zsx
3.4000,1898.0000,676.0000,661.0000,1.0000,334.0000,121.0000,119.0000,0.0000,1183.0000,427.0000,411.0000,2.0000,0.0000,0.0000,0.0000,0.0000,0.0000,0.0000,0.0000,0.0000,0.0000,0.0000,0.0000,0.0000,0.0000,0.0000,0.0000,0.0000,0.0000,0.0000,0.0000,0.0000,0.0000,0.0000,0.0000,0.0000,76.0968,1062.3922,5.2274,8.7890,6.8703,0.1250,1f8d
3.4600,1665.0000,485.0000,607.0000,37.0000,0.0000,0.0000,0.0000,0.0000,1044.0000,315.0000,359.0000,25.0000,171.0000,46.0000,61.0000,4.0000,0.0000,0.0000,0.0000,0.0000,0.0000,0.0000,0.0000,0.0000,0.0000,0.0000,0.0000,0.0000,0.0000,0.0000,0.0000,0.0000,0.0000,0.0000,0.0000,0.0000,48.8287,925.9975,3.7349,6.6866,5.5753,0.1667,3muz
3.6600,2145.0000,512.0000,802.0000,0.0000,564.0000,124.0000,190.0000,0.0000,146.0000,32.0000,54.0000,0.0000,0.0000,0.0000,0.0000,0.0000,0.0000,0.0000,0.0000,0.0000,0.0000,0.0000,0.0000,0.0000,0.0000,0.0000,0.0000,0.0000,0.0000,0.0000,0.0000,0.0000,0.0000,0.0000,0.0000,0.0000,70.3785,903.8392,2.9239,40.3691,3.3757,0.2222,2v00
3.7000,1666.0000,473.0000,427.0000,13.0000,362.0000,108.0000,101.0000,2.0000,1502.0000,416.0000,375.0000,11.0000,0.0000,0.0000,0.0000,0.0000,150.0000,40.0000,38.0000,1.0000,0.0000,0.0000,0.0000,0.0000,0.0000,0.0000,0.0000,0.0000,0.0000,0.0000,0.0000,0.0000,0.0000,0.0000,0.0000,0.0000,78.1067,1158.3998,6.2919,5.3754,9.5914,0.1667,1loq
3.7000,1456.0000,440.0000,423.0000,0.0000,0.0000,0.0000,0.0000,0.0000,1018.0000,310.0000,295.0000,0.0000,0.0000,0.0000,0.0000,0.0000,0.0000,0.0000,0.0000,0.0000,0.0000,0.0000,0.0000,0.0000,0.0000,0.0000,0.0000,0.0000,0.0000,0.0000,0.0000,0.0000,0.0000,0.0000,0.0000,0.0000,67.8261,861.7714,5.5002,7.3602,9.6903,0.2857,3n7a
3.7200,2228.0000,713.0000,686.0000,0.0000,0.0000,0.0000,0.0000,0.0000,1961.0000,619.0000,601.0000,0.0000,0.0000,0.0000,0.0000,0.0000,0.0000,0.0000,0.0000,0.0000,0.0000,0.0000,0.0000,0.0000,0.0000,0.0000,0.0000,0.0000,0.0000,0.0000,0.0000,0.0000,0.0000,0.0000,0.0000,0.0000,64.4161,1299.2399,7.0463,1.8226,8.2347,0.0625,2r23
3.7800,2236.0000,527.0000,541.0000,37.0000,0.0000,0.0000,0.0000,0.0000,348.0000,88.0000,97.0000,3.0000,0.0000,0.0000,0.0000,0.0000,0.0000,0.0000,0.0000,0.0000,0.0000,0.0000,0.0000,0.0000,0.0000,0.0000,0.0000,0.0000,0.0000,0.0000,0.0000,0.0000,0.0000,0.0000,0.0000,0.0000,46.2484,681.9929,0.8041,80.9722,0.0000,0.1111,3nq3
3.8000,1114.0000,375.0000,349.0000,12.0000,0.0000,0.0000,0.0000,0.0000,866.0000,276.0000,244.0000,11.0000,128.0000,47.0000,48.0000,2.0000,0.0000,0.0000,0.0000,0.0000,0.0000,0.0000,0.0000,0.0000,0.0000,0.0000,0.0000,0.0000,154.0000,51.0000,49.0000,2.0000,0.0000,0.0000,0.0000,0.0000,68.7139,850.4099,3.1153,7.8871,4.0518,0.2000,2hb1
4.0500,1938.0000,508.0000,533.0000,20.0000,426.0000,107.0000,117.0000,5.0000,1056.0000,268.0000,286.0000,8.0000,0.0000,0.0000,0.0000,0.0000,0.0000,0.0000,0.0000,0.0000,0.0000,0.0000,0.0000,0.0000,0.0000,0.0000,0.0000,0.0000,0.0000,0.0000,0.0000,0.0000,0.0000,0.0000,0.0000,0.0000,84.5288,1128.2031,7.0846,13.7067,7.8596,0.2000,2w66
4.0800,1619.0000,435.0000,485.0000,46.0000,798.0000,205.0000,249.0000,20.0000,391.0000,97.0000,124.0000,12.0000,0.0000,0.0000,0.0000,0.0000,0.0000,0.0000,0.0000,0.0000,0.0000,0.0000,0.0000,0.0000,0.0000,0.0000,0.0000,0.0000,0.0000,0.0000,0.0000,0.0000,0.0000,0.0000,0.0000,0.0000,63.8533,910.1447,2.6181,15.0106,4.1357,0.2500,1n2v
4.0800,2130.0000,563.0000,509.0000,12.0000,859.0000,229.0000,207.0000,4.0000,0.0000,0.0000,0.0000,0.0000,0.0000,0.0000,0.0000,0.0000,0.0000,0.0000,0.0000,0.0000,0.0000,0.0000,0.0000,0.0000,0.0000,0.0000,0.0000,0.0000,0.0000,0.0000,0.0000,0.0000,0.0000,0.0000,0.0000,0.0000,53.1471,854.2606,4.3620,16.3496,1.9193,0.0769,3kwa
4.0900,2679.0000,823.0000,874.0000,12.0000,217.0000,67.0000,68.0000,0.0000,1236.0000,395.0000,418.0000,9.0000,6.0000,0.0000,0.0000,0.0000,0.0000,0.0000,0.0000,0.0000,0.0000,0.0000,0.0000,0.0000,0.0000,0.0000,0.0000,0.0000,0.0000,0.0000,0.0000,0.0000,0.0000,0.0000,0.0000,0.0000,81.5931,1306.8503,3.5109,17.4997,6.8205,0.1667,3g2n
4.1200,2249.0000,735.0000,889.0000,25.0000,917.0000,283.0000,363.0000,9.0000,127.0000,45.0000,57.0000,2.0000,0.0000,0.0000,0.0000,0.0000,0.0000,0.0000,0.0000,0.0000,0.0000,0.0000,0.0000,0.0000,0.0000,0.0000,0.0000,0.0000,0.0000,0.0000,0.0000,0.0000,0.0000,0.0000,0.0000,0.0000,86.8678,1207.2255,3.7327,20.5539,5.5440,0.1667,4de2
4.1300,3012.0000,770.0000,889.0000,66.0000,454.0000,115.0000,129.0000,9.0000,1374.0000,346.0000,390.0000,29.0000,0.0000,0.0000,0.0000,0.0000,0.0000,0.0000,0.0000,0.0000,0.0000,0.0000,0.0000,0.0000,0.0000,0.0000,0.0000,0.0000,0.0000,0.0000,0.0000,0.0000,0.0000,0.0000,0.0000,0.0000,150.3864,1768.9039,7.5217,25.6787,9.8116,0.1111,3ozt
4.1900,1181.0000,328.0000,425.0000,24.0000,213.0000,58.0000,78.0000,4.0000,379.0000,106.0000,137.0000,8.0000,0.0000,0.0000,0.0000,0.0000,0.0000,0.0000,0.0000,0.0000,0.0000,0.0000,0.0000,0.0000,0.0000,0.0000,0.0000,0.0000,0.0000,0.0000,0.0000,0.0000,0.0000,0.0000,0.0000,0.0000,47.8512,609.9266,5.5061,12.4961,4.9912,0.2222,3b3w
4.1900,1980.0000,500.0000,642.0000,6.0000,210.0000,52.0000,63.0000,0.0000,534.0000,146.0000,181.0000,6.0000,181.0000,50.0000,63.0000,2.0000,0.0000,0.0000,0.0000,0.0000,0.0000,0.0000,0.0000,0.0000,0.0000,0.0000,0.0000,0.0000,0.0000,0.0000,0.0000,0.0000,0.0000,0.0000,0.0000,0.0000,43.2174,862.7260,1.2613,35.3311,1.7413,0.4000,3cft
4.1900,2434.0000,599.0000,756.0000,8.0000,444.0000,108.0000,140.0000,3.0000,433.0000,102.0000,126.0000,2.0000,0.0000,0.0000,0.0000,0.0000,0.0000,0.0000,0.0000,0.0000,0.0000,0.0000,0.0000,0.0000,0.0000,0.0000,0.0000,0.0000,0.0000,0.0000,0.0000,0.0000,0.0000,0.0000,0.0000,0.0000,88.4877,1065.4044,5.9862,43.7607,5.1463,0.2222,3f3a
4.2100,3680.0000,959.0000,1117.0000,26.0000,201.0000,55.0000,58.0000,1.0000,2459.0000,632.0000,782.0000,15.0000,0.0000,0.0000,0.0000,0.0000,0.0000,0.0000,0.0000,0.0000,0.0000,0.0000,0.0000,0.0000,0.0000,0.0000,0.0000,0.0000,0.0000,0.0000,0.0000,0.0000,0.0000,0.0000,0.0000,0.0000,99.3259,1698.4703,6.3080,12.2637,9.3624,0.0606,2qmj
4.2200,1133.0000,351.0000,409.0000,1.0000,405.0000,121.0000,144.0000,1.0000,791.0000,240.0000,284.0000,2.0000,0.0000,0.0000,0.0000,0.0000,0.0000,0.0000,0.0000,0.0000,0.0000,0.0000,0.0000,0.0000,0.0000,0.0000,0.0000,0.0000,0.0000,0.0000,0.0000,0.0000,0.0000,0.0000,0.0000,0.0000,65.2159,894.4370,5.2408,4.2443,5.0207,0.1333,3f80
4.3000,2562.0000,701.0000,742.0000,2.0000,478.0000,135.0000,139.0000,1.0000,1366.0000,377.0000,414.0000,1.0000,0.0000,0.0000,0.0000,0.0000,0.0000,0.0000,0.0000,0.0000,0.0000,0.0000,0.0000,0.0000,0.0000,0.0000,0.0000,0.0000,0.0000,0.0000,0.0000,0.0000,0.0000,0.0000,0.0000,0.0000,85.6817,1306.8168,4.7111,20.4932,3.5947,0.0741,1a30
4.3000,1910.0000,562.0000,659.0000,0.0000,216.0000,64.0000,73.0000,0.0000,1505.0000,441.0000,523.0000,0.0000,0.0000,0.0000,0.0000,0.0000,0.0000,0.0000,0.0000,0.0000,0.0000,0.0000,0.0000,0.0000,0.0000,0.0000,0.0000,0.0000,0.0000,0.0000,0.0000,0.0000,0.0000,0.0000,0.0000,0.0000,91.9015,1139.9530,7.3068,0.0000,11.9101,0.1250,1w3k
4.3000,3704.0000,1036.0000,986.0000,38.0000,378.0000,113.0000,99.0000,4.0000,1046.0000,307.0000,279.0000,9.0000,200.0000,53.0000,49.0000,1.0000,0.0000,0.0000,0.0000,0.0000,0.0000,0.0000,0.0000,0.0000,0.0000,0.0000,0.0000,0.0000,0.0000,0.0000,0.0000,0.0000,0.0000,0.0000,0.0000,0.0000,112.9983,1757.2329,4.7026,34.0427,0.9508,0.1250,3ivg
4.3700,692.0000,234.0000,350.0000,0.0000,0.0000,0.0000,0.0000,0.0000,630.0000,202.0000,307.0000,0.0000,0.0000,0.0000,0.0000,0.0000,0.0000,0.0000,0.0000,0.0000,0.0000,0.0000,0.0000,0.0000,0.0000,0.0000,0.0000,0.0000,0.0000,0.0000,0.0000,0.0000,0.0000,0.0000,0.0000,0.0000,54.9219,644.1329,5.9556,0.0000,10.6658,0.2000,2jdy
4.3800,2145.0000,460.0000,413.0000,43.0000,0.0000,0.0000,0.0000,0.0000,442.0000,107.0000,93.0000,4.0000,0.0000,0.0000,0.0000,0.0000,0.0000,0.0000,0.0000,0.0000,0.0000,0.0000,0.0000,0.0000,0.0000,0.0000,0.0000,0.0000,0.0000,0.0000,0.0000,0.0000,0.0000,0.0000,0.0000,0.0000,53.7511,763.1714,2.3273,47.6824,1.4132,0.1111,3u9q
4.4300,2425.0000,603.0000,596.0000,0.0000,143.0000,35.0000,35.0000,0.0000,372.0000,84.0000,82.0000,0.0000,131.0000,29.0000,32.0000,0.0000,0.0000,0.0000,0.0000,0.0000,0.0000,0.0000,0.0000,0.0000,0.0000,0.0000,0.0000,0.0000,0.0000,0.0000,0.0000,0.0000,0.0000,0.0000,0.0000,0.0000,44.4699,765.2075,1.4663,51.1872,1.0000,0.2500,3pxf
4.4500,3073.0000,805.0000,791.0000,19.0000,444.0000,119.0000,121.0000,2.0000,1180.0000,310.0000,303.0000,6.0000,0.0000,0.0000,0.0000,0.0000,0.0000,0.0000,0.0000,0.0000,0.0000,0.0000,0.0000,0.0000,0.0000,0.0000,0.0000,0.0000,0.0000,0.0000,0.0000,0.0000,0.0000,0.0000,0.0000,0.0000,124.9612,1261.3387,7.1825,26.6791,8.6894,0.1000,2wbg
4.6000,3208.0000,935.0000,869.0000,19.0000,417.0000,119.0000,113.0000,2.0000,2554.0000,716.0000,694.0000,12.0000,0.0000,0.0000,0.0000,0.0000,0.0000,0.0000,0.0000,0.0000,0.0000,0.0000,0.0000,0.0000,0.0000,0.0000,0.0000,0.0000,0.0000,0.0000,0.0000,0.0000,0.0000,0.0000,0.0000,0.0000,116.9431,1844.8434,10.1050,0.0000,10.3666,0.0714,1u33
4.6000,2149.0000,505.0000,630.0000,12.0000,849.0000,204.0000,253.0000,5.0000,898.0000,198.0000,245.0000,8.0000,0.0000,0.0000,0.0000,0.0000,0.0000,0.0000,0.0000,0.0000,0.0000,0.0000,0.0000,0.0000,0.0000,0.0000,0.0000,0.0000,0.0000,0.0000,0.0000,0.0000,0.0000,0.0000,0.0000,0.0000,85.0471,1152.0448,3.7818,0.0000,3.9632,0.2000,2x0y
4.6600,2420.0000,530.0000,549.0000,53.0000,114.0000,31.0000,32.0000,3.0000,224.0000,52.0000,53.0000,5.0000,0.0000,0.0000,0.0000,0.0000,0.0000,0.0000,0.0000,0.0000,0.0000,0.0000,0.0000,0.0000,0.0000,0.0000,0.0000,0.0000,0.0000,0.0000,0.0000,0.0000,0.0000,0.0000,0.0000,0.0000,54.8527,859.0079,0.2213,57.5051,0.0000,0.1333,3mss
4.7200,1913.0000,445.0000,560.0000,41.0000,348.0000,85.0000,107.0000,6.0000,1108.0000,260.0000,343.0000,13.0000,0.0000,0.0000,0.0000,0.0000,139.0000,38.0000,47.0000,2.0000,0.0000,0.0000,0.0000,0.0000,0.0000,0.0000,0.0000,0.0000,0.0000,0.0000,0.0000,0.0000,0.0000,0.0000,0.0000,0.0000,78.3798,913.3304,5.4969,20.9340,7.8132,0.1176,1vso
4.7600,2904.0000,731.0000,837.0000,25.0000,606.0000,156.0000,169.0000,4.0000,217.0000,51.0000,57.0000,2.0000,0.0000,0.0000,0.0000,0.0000,0.0000,0.0000,0.0000,0.0000,0.0000,0.0000,0.0000,0.0000,0.0000,0.0000,0.0000,0.0000,0.0000,0.0000,0.0000,0.0000,0.0000,0.0000,0.0000,0.0000,51.0047,1172.3870,2.4456,23.8943,1.9303,0.2222,1q8t
4.7600,4230.0000,1035.0000,1132.0000,53.0000,200.0000,54.0000,59.0000,3.0000,216.0000,56.0000,59.0000,3.0000,0.0000,0.0000,0.0000,0.0000,0.0000,0.0000,0.0000,0.0000,0.0000,0.0000,0.0000,0.0000,0.0000,0.0000,0.0000,0.0000,0.0000,0.0000,0.0000,0.0000,0.0000,0.0000,0.0000,0.0000,67.5821,1373.3713,1.4562,82.1737,1.0000,0.2857,3acw
4.8000,2095.0000,677.0000,651.0000,0.0000,0.0000,0.0000,0.0000,0.0000,1495.0000,491.0000,465.0000,0.0000,0.0000,0.0000,0.0000,0.0000,0.0000,0.0000,0.0000,0.0000,0.0000,0.0000,0.0000,0.0000,0.0000,0.0000,0.0000,0.0000,0.0000,0.0000,0.0000,0.0000,0.0000,0.0000,0.0000,0.0000,61.8051,1054.4021,5.5486,3.4202,8.3076,0.0690,3bpc
4.8200,1682.0000,492.0000,612.0000,36.0000,0.0000,0.0000,0.0000,0.0000,1039.0000,318.0000,363.0000,25.0000,171.0000,50.0000,58.0000,4.0000,0.0000,0.0000,0.0000,0.0000,0.0000,0.0000,0.0000,0.0000,0.0000,0.0000,0.0000,0.0000,0.0000,0.0000,0.0000,0.0000,0.0000,0.0000,0.0000,0.0000,57.6515,929.1102,3.3915,8.6759,5.7866,0.1667,3vd4
4.8500,2128.0000,641.0000,510.0000,19.0000,266.0000,86.0000,63.0000,2.0000,157.0000,46.0000,34.0000,2.0000,0.0000,0.0000,0.0000,0.0000,0.0000,0.0000,0.0000,0.0000,0.0000,0.0000,0.0000,0.0000,0.0000,0.0000,0.0000,0.0000,218.0000,55.0000,52.0000,2.0000,0.0000,0.0000,0.0000,0.0000,54.5364,817.7950,1.3642,41.9224,1.5747,0.4000,3cj2
4.8600,3145.0000,809.0000,1039.0000,20.0000,582.0000,144.0000,182.0000,3.0000,374.0000,93.0000,112.0000,2.0000,0.0000,0.0000,0.0000,0.0000,0.0000,0.0000,0.0000,0.0000,0.0000,0.0000,0.0000,0.0000,0.0000,0.0000,0.0000,0.0000,0.0000,0.0000,0.0000,0.0000,0.0000,0.0000,0.0000,0.0000,75.4717,1278.4568,1.4254,45.0373,0.5021,0.1818,2brb
4.8900,1640.0000,390.0000,481.0000,30.0000,474.0000,114.0000,136.0000,7.0000,934.0000,229.0000,273.0000,14.0000,0.0000,0.0000,0.0000,0.0000,0.0000,0.0000,0.0000,0.0000,0.0000,0.0000,0.0000,0.0000,0.0000,0.0000,0.0000,0.0000,0.0000,0.0000,0.0000,0.0000,0.0000,0.0000,0.0000,0.0000,85.4393,935.4724,7.8414,15.1729,6.9326,0.2222,1p1q
4.8900,3210.0000,866.0000,835.0000,23.0000,222.0000,61.0000,61.0000,1.0000,916.0000,248.0000,250.0000,10.0000,0.0000,0.0000,0.0000,0.0000,0.0000,0.0000,0.0000,0.0000,0.0000,0.0000,0.0000,0.0000,0.0000,0.0000,0.0000,0.0000,0.0000,0.0000,0.0000,0.0000,0.0000,0.0000,0.0000,0.0000,94.0495,1288.3544,5.2794,31.1783,8.2127,0.1667,2vo5
4.8900,1650.0000,428.0000,472.0000,8.0000,389.0000,104.0000,113.0000,2.0000,870.0000,217.0000,255.0000,3.0000,0.0000,0.0000,0.0000,0.0000,0.0000,0.0000,0.0000,0.0000,0.0000,0.0000,0.0000,0.0000,0.0000,0.0000,0.0000,0.0000,0.0000,0.0000,0.0000,0.0000,0.0000,0.0000,0.0000,0.0000,85.4072,911.0768,8.2886,0.0000,9.2615,0.2500,3d4z
4.9400,1828.0000,474.0000,470.0000,12.0000,0.0000,0.0000,0.0000,0.0000,598.0000,167.0000,167.0000,7.0000,0.0000,0.0000,0.0000,0.0000,0.0000,0.0000,0.0000,0.0000,0.0000,0.0000,0.0000,0.0000,327.0000,87.0000,76.0000,2.0000,0.0000,0.0000,0.0000,0.0000,0.0000,0.0000,0.0000,0.0000,46.9526,752.0895,0.5872,34.2561,0.5591,0.1429,2gss
5.0600,4323.0000,1177.0000,1405.0000,34.0000,371.0000,85.0000,106.0000,2.0000,1355.0000,364.0000,431.0000,10.0000,0.0000,0.0000,0.0000,0.0000,0.0000,0.0000,0.0000,0.0000,0.0000,0.0000,0.0000,0.0000,0.0000,0.0000,0.0000,0.0000,0.0000,0.0000,0.0000,0.0000,0.0000,0.0000,0.0000,0.0000,82.3146,1677.9214,2.3688,23.4190,2.5288,0.1538,2yge
5.1000,1191.0000,340.0000,409.0000,33.0000,536.0000,151.0000,178.0000,13.0000,0.0000,0.0000,0.0000,0.0000,0.0000,0.0000,0.0000,0.0000,0.0000,0.0000,0.0000,0.0000,0.0000,0.0000,0.0000,0.0000,0.0000,0.0000,0.0000,0.0000,0.0000,0.0000,0.0000,0.0000,0.0000,0.0000,0.0000,0.0000,59.4776,684.1196,2.2060,2.6349,4.4047,0.3333,3gy4
5.1200,3869.0000,1098.0000,1172.0000,43.0000,207.0000,63.0000,67.0000,2.0000,829.0000,228.0000,250.0000,8.0000,0.0000,0.0000,0.0000,0.0000,0.0000,0.0000,0.0000,0.0000,0.0000,0.0000,0.0000,0.0000,0.0000,0.0000,0.0000,0.0000,0.0000,0.0000,0.0000,0.0000,0.0000,0.0000,0.0000,0.0000,118.9606,1670.7059,3.0241,33.1027,4.2503,0.0714,3zso
5.2000,1975.0000,594.0000,500.0000,0.0000,528.0000,158.0000,124.0000,0.0000,979.0000,296.0000,259.0000,0.0000,0.0000,0.0000,0.0000,0.0000,130.0000,39.0000,38.0000,0.0000,0.0000,0.0000,0.0000,0.0000,0.0000,0.0000,0.0000,0.0000,0.0000,0.0000,0.0000,0.0000,0.0000,0.0000,0.0000,0.0000,93.0463,1253.3157,6.2497,25.2250,10.4821,0.0769,3ov1
5.2200,1228.0000,343.0000,299.0000,29.0000,313.0000,80.0000,77.0000,8.0000,1246.0000,362.0000,336.0000,25.0000,0.0000,0.0000,0.0000,0.0000,142.0000,47.0000,41.0000,3.0000,0.0000,0.0000,0.0000,0.0000,0.0000,0.0000,0.0000,0.0000,0.0000,0.0000,0.0000,0.0000,0.0000,0.0000,0.0000,0.0000,62.0491,980.6900,4.9961,2.2860,5.2001,0.2000,1w4o
5.2200,4240.0000,1042.0000,1084.0000,6.0000,1335.0000,326.0000,335.0000,4.0000,1293.0000,331.0000,337.0000,1.0000,0.0000,0.0000,0.0000,0.0000,0.0000,0.0000,0.0000,0.0000,0.0000,0.0000,0.0000,0.0000,0.0000,0.0000,0.0000,0.0000,0.0000,0.0000,0.0000,0.0000,0.0000,0.0000,0.0000,0.0000,136.9454,1825.5031,6.0366,36.4657,4.4999,0.0323,1zea
5.2200,1819.0000,500.0000,470.0000,11.0000,218.0000,60.0000,59.0000,1.0000,674.0000,181.0000,174.0000,4.0000,0.0000,0.0000,0.0000,0.0000,0.0000,0.0000,0.0000,0.0000,0.0000,0.0000,0.0000,0.0000,0.0000,0.0000,0.0000,0.0000,0.0000,0.0000,0.0000,0.0000,0.0000,0.0000,0.0000,0.0000,63.5389,779.5029,4.8920,23.9349,6.8688,0.2857,2zxd
5.2400,2592.0000,598.0000,623.0000,42.0000,0.0000,0.0000,0.0000,0.0000,304.0000,68.0000,79.0000,5.0000,0.0000,0.0000,0.0000,0.0000,0.0000,0.0000,0.0000,0.0000,0.0000,0.0000,0.0000,0.0000,0.0000,0.0000,0.0000,0.0000,0.0000,0.0000,0.0000,0.0000,0.0000,0.0000,0.0000,0.0000,37.5648,765.8167,0.6417,76.1827,0.0000,0.0909,3ueu
5.2600,609.0000,206.0000,216.0000,14.0000,203.0000,69.0000,69.0000,3.0000,1058.0000,358.0000,348.0000,21.0000,0.0000,0.0000,0.0000,0.0000,211.0000,73.0000,68.0000,3.0000,0.0000,0.0000,0.0000,0.0000,0.0000,0.0000,0.0000,0.0000,0.0000,0.0000,0.0000,0.0000,0.0000,0.0000,0.0000,0.0000,72.6315,626.1882,7.5965,0.0000,10.6091,0.2000,2qft
5.3700,3634.0000,776.0000,910.0000,24.0000,475.0000,103.0000,121.0000,2.0000,234.0000,59.0000,66.0000,2.0000,0.0000,0.0000,0.0000,0.0000,0.0000,0.0000,0.0000,0.0000,0.0000,0.0000,0.0000,0.0000,0.0000,0.0000,0.0000,0.0000,0.0000,0.0000,0.0000,0.0000,0.0000,0.0000,0.0000,0.0000,73.4939,1214.8596,1.3872,47.0127,1.8244,0.6667,1gpk
5.4000,1890.0000,678.0000,663.0000,1.0000,178.0000,65.0000,61.0000,0.0000,1345.0000,491.0000,473.0000,2.0000,0.0000,0.0000,0.0000,0.0000,0.0000,0.0000,0.0000,0.0000,0.0000,0.0000,0.0000,0.0000,0.0000,0.0000,0.0000,0.0000,0.0000,0.0000,0.0000,0.0000,0.0000,0.0000,0.0000,0.0000,72.4602,1066.6489,5.5526,9.1883,6.6201,0.1250,1f8b
5.4000,682.0000,229.0000,329.0000,0.0000,0.0000,0.0000,0.0000,0.0000,539.0000,170.0000,255.0000,0.0000,0.0000,0.0000,0.0000,0.0000,0.0000,0.0000,0.0000,0.0000,0.0000,0.0000,0.0000,0.0000,0.0000,0.0000,0.0000,0.0000,0.0000,0.0000,0.0000,0.0000,0.0000,0.0000,0.0000,0.0000,48.3391,587.8524,4.6499,0.9410,9.7314,0.2857,2jdm
5.5800,4181.0000,1259.0000,1131.0000,0.0000,587.0000,180.0000,158.0000,0.0000,1017.0000,315.0000,293.0000,0.0000,145.0000,41.0000,44.0000,0.0000,0.0000,0.0000,0.0000,0.0000,0.0000,0.0000,0.0000,0.0000,0.0000,0.0000,0.0000,0.0000,0.0000,0.0000,0.0000,0.0000,0.0000,0.0000,0.0000,0.0000,137.6720,1896.0830,4.1241,50.2743,5.1634,0.1250,3su5
5.6000,2522.0000,615.0000,695.0000,25.0000,439.0000,115.0000,128.0000,4.0000,1202.0000,301.0000,326.0000,9.0000,0.0000,0.0000,0.0000,0.0000,0.0000,0.0000,0.0000,0.0000,0.0000,0.0000,0.0000,0.0000,0.0000,0.0000,0.0000,0.0000,0.0000,0.0000,0.0000,0.0000,0.0000,0.0000,0.0000,0.0000,85.4279,1202.3374,5.0871,45.1676,4.4519,0.1053,2wca
5.6400,3172.0000,1005.0000,956.0000,5.0000,196.0000,67.0000,60.0000,0.0000,1228.0000,378.0000,359.0000,1.0000,0.0000,0.0000,0.0000,0.0000,0.0000,0.0000,0.0000,0.0000,0.0000,0.0000,0.0000,0.0000,0.0000,0.0000,0.0000,0.0000,0.0000,0.0000,0.0000,0.0000,0.0000,0.0000,0.0000,0.0000,129.8901,1682.9431,7.0879,47.2388,10.3406,0.1333,3n86
5.6600,4012.0000,1108.0000,1098.0000,7.0000,788.0000,231.0000,226.0000,2.0000,1545.0000,423.0000,435.0000,2.0000,0.0000,0.0000,0.0000,0.0000,196.0000,58.0000,56.0000,0.0000,0.0000,0.0000,0.0000,0.0000,0.0000,0.0000,0.0000,0.0000,0.0000,0.0000,0.0000,0.0000,0.0000,0.0000,0.0000,0.0000,107.5318,1806.4067,7.3677,31.8893,5.1318,0.0714,2x97
5.7000,1880.0000,508.0000,521.0000,7.0000,423.0000,112.0000,121.0000,0.0000,213.0000,57.0000,60.0000,0.0000,0.0000,0.0000,0.0000,0.0000,0.0000,0.0000,0.0000,0.0000,0.0000,0.0000,0.0000,0.0000,0.0000,0.0000,0.0000,0.0000,0.0000,0.0000,0.0000,0.0000,0.0000,0.0000,0.0000,0.0000,53.0405,745.6574,4.3403,25.2819,4.7060,0.2857,1n1m
5.7700,1559.0000,437.0000,499.0000,42.0000,417.0000,114.0000,116.0000,9.0000,0.0000,0.0000,0.0000,0.0000,209.0000,56.0000,63.0000,7.0000,0.0000,0.0000,0.0000,0.0000,0.0000,0.0000,0.0000,0.0000,0.0000,0.0000,0.0000,0.0000,0.0000,0.0000,0.0000,0.0000,136.0000,42.0000,44.0000,3.0000,74.4350,794.6492,3.0380,7.3312,2.9682,0.4000,1o5b
5.7900,3157.0000,915.0000,988.0000,91.0000,549.0000,152.0000,175.0000,14.0000,422.0000,121.0000,134.0000,13.0000,208.0000,58.0000,69.0000,6.0000,0.0000,0.0000,0.0000,0.0000,0.0000,0.0000,0.0000,0.0000,223.0000,59.0000,70.0000,7.0000,0.0000,0.0000,0.0000,0.0000,0.0000,0.0000,0.0000,0.0000,109.7742,1467.4646,2.3174,17.1112,0.3567,0.1429,2y5h
5.8500,1818.0000,462.0000,484.0000,10.0000,152.0000,42.0000,41.0000,1.0000,858.0000,222.0000,236.0000,5.0000,158.0000,43.0000,46.0000,1.0000,0.0000,0.0000,0.0000,0.0000,0.0000,0.0000,0.0000,0.0000,0.0000,0.0000,0.0000,0.0000,0.0000,0.0000,0.0000,0.0000,0.0000,0.0000,0.0000,0.0000,72.4625,1052.8066,4.2525,15.6913,2.3229,0.1667,3ehy
5.8500,3190.0000,827.0000,1024.0000,21.0000,0.0000,0.0000,0.0000,0.0000,803.0000,199.0000,254.0000,8.0000,0.0000,0.0000,0.0000,0.0000,0.0000,0.0000,0.0000,0.0000,0.0000,0.0000,0.0000,0.0000,0.0000,0.0000,0.0000,0.0000,0.0000,0.0000,0.0000,0.0000,0.0000,0.0000,0.0000,0.0000,65.7161,1193.6825,7.1837,46.9324,0.7231,0.3333,4des
5.9100,2809.0000,789.0000,751.0000,26.0000,77.0000,22.0000,17.0000,2.0000,635.0000,187.0000,167.0000,4.0000,0.0000,0.0000,0.0000,0.0000,0.0000,0.0000,0.0000,0.0000,0.0000,0.0000,0.0000,0.0000,149.0000,40.0000,39.0000,2.0000,0.0000,0.0000,0.0000,0.0000,0.0000,0.0000,0.0000,0.0000,104.8070,1204.5577,1.7903,68.1384,0.0000,0.2222,3ebp
5.9600,3245.0000,810.0000,970.0000,33.0000,592.0000,153.0000,178.0000,4.0000,392.0000,112.0000,123.0000,4.0000,207.0000,54.0000,63.0000,2.0000,0.0000,0.0000,0.0000,0.0000,0.0000,0.0000,0.0000,0.0000,0.0000,0.0000,0.0000,0.0000,0.0000,0.0000,0.0000,0.0000,0.0000,0.0000,0.0000,0.0000,68.1155,1330.7119,2.4742,44.0656,0.8433,0.3333,1q8u
5.9600,2082.0000,667.0000,826.0000,23.0000,1037.0000,316.0000,414.0000,10.0000,134.0000,45.0000,56.0000,2.0000,0.0000,0.0000,0.0000,0.0000,0.0000,0.0000,0.0000,0.0000,0.0000,0.0000,0.0000,0.0000,0.0000,0.0000,0.0000,0.0000,0.0000,0.0000,0.0000,0.0000,0.0000,0.0000,0.0000,0.0000,92.1171,1194.4664,4.8789,19.0189,5.4156,0.2500,4de1
5.9900,3094.0000,722.0000,876.0000,27.0000,935.0000,230.0000,281.0000,10.0000,88.0000,24.0000,28.0000,0.0000,0.0000,0.0000,0.0000,0.0000,0.0000,0.0000,0.0000,0.0000,0.0000,0.0000,0.0000,0.0000,0.0000,0.0000,0.0000,0.0000,0.0000,0.0000,0.0000,0.0000,0.0000,0.0000,0.0000,0.0000,120.3724,1353.4907,2.9431,84.2611,1.0000,0.1667,3huc
6.0000,1677.0000,440.0000,500.0000,14.0000,214.0000,56.0000,62.0000,2.0000,1092.0000,287.0000,322.0000,8.0000,0.0000,0.0000,0.0000,0.0000,0.0000,0.0000,0.0000,0.0000,0.0000,0.0000,0.0000,0.0000,0.0000,0.0000,0.0000,0.0000,0.0000,0.0000,0.0000,0.0000,0.0000,0.0000,0.0000,0.0000,75.0323,949.8129,4.7269,0.0000,6.4471,0.1538,3l4w
6.0100,1408.0000,381.0000,378.0000,13.0000,232.0000,64.0000,59.0000,2.0000,932.0000,249.0000,249.0000,9.0000,0.0000,0.0000,0.0000,0.0000,0.0000,0.0000,0.0000,0.0000,0.0000,0.0000,0.0000,0.0000,0.0000,0.0000,0.0000,0.0000,0.0000,0.0000,0.0000,0.0000,0.0000,0.0000,0.0000,0.0000,80.2482,806.8887,5.9793,6.2010,9.4138,0.2500,2vl4
6.0200,3247.0000,833.0000,808.0000,24.0000,1282.0000,373.0000,357.0000,10.0000,1428.0000,376.0000,357.0000,10.0000,193.0000,53.0000,47.0000,1.0000,0.0000,0.0000,0.0000,0.0000,0.0000,0.0000,0.0000,0.0000,0.0000,0.0000,0.0000,0.0000,0.0000,0.0000,0.0000,0.0000,0.0000,0.0000,0.0000,0.0000,137.6835,1891.7914,4.8772,12.2391,7.8809,0.1000,3coy
6.0200,2149.0000,530.0000,663.0000,25.0000,238.0000,58.0000,72.0000,3.0000,464.0000,113.0000,140.0000,3.0000,0.0000,0.0000,0.0000,0.0000,0.0000,0.0000,0.0000,0.0000,253.0000,57.0000,70.0000,3.0000,0.0000,0.0000,0.0000,0.0000,0.0000,0.0000,0.0000,0.0000,0.0000,0.0000,0.0000,0.0000,88.9814,1052.9608,5.1043,34.8599,5.9337,0.2222,3f3c
6.0300,4167.0000,1121.0000,1334.0000,13.0000,341.0000,92.0000,108.0000,1.0000,845.0000,224.0000,267.0000,3.0000,0.0000,0.0000,0.0000,0.0000,191.0000,49.0000,56.0000,1.0000,0.0000,0.0000,0.0000,0.0000,0.0000,0.0000,0.0000,0.0000,0.0000,0.0000,0.0000,0.0000,0.0000,0.0000,0.0000,0.0000,98.7018,1659.1204,4.8963,62.9997,4.1177,0.0741,1os0
6.0700,3039.0000,848.0000,821.0000,17.0000,333.0000,95.0000,87.0000,2.0000,319.0000,98.0000,93.0000,2.0000,0.0000,0.0000,0.0000,0.0000,0.0000,0.0000,0.0000,0.0000,0.0000,0.0000,0.0000,0.0000,0.0000,0.0000,0.0000,0.0000,0.0000,0.0000,0.0000,0.0000,0.0000,0.0000,0.0000,0.0000,62.1923,1115.8988,0.6728,55.4279,0.6268,0.6667,3owj
6.0800,5593.0000,1558.0000,1566.0000,15.0000,404.0000,120.0000,114.0000,1.0000,1219.0000,344.0000,335.0000,3.0000,0.0000,0.0000,0.0000,0.0000,0.0000,0.0000,0.0000,0.0000,0.0000,0.0000,0.0000,0.0000,0.0000,0.0000,0.0000,0.0000,0.0000,0.0000,0.0000,0.0000,0.0000,0.0000,0.0000,0.0000,129.6780,2066.6084,7.4889,58.1686,7.8522,0.0714,3bkk
6.1700,3592.0000,950.0000,1153.0000,29.0000,375.0000,105.0000,126.0000,4.0000,1035.0000,276.0000,335.0000,8.0000,0.0000,0.0000,0.0000,0.0000,0.0000,0.0000,0.0000,0.0000,0.0000,0.0000,0.0000,0.0000,0.0000,0.0000,0.0000,0.0000,0.0000,0.0000,0.0000,0.0000,0.0000,0.0000,0.0000,0.0000,94.5313,1549.0652,2.5564,35.7063,2.9600,0.1667,1yc1
6.2400,2184.0000,501.0000,596.0000,13.0000,462.0000,108.0000,125.0000,3.0000,487.0000,109.0000,120.0000,4.0000,242.0000,55.0000,62.0000,1.0000,0.0000,0.0000,0.0000,0.0000,0.0000,0.0000,0.0000,0.0000,0.0000,0.0000,0.0000,0.0000,0.0000,0.0000,0.0000,0.0000,0.0000,0.0000,0.0000,0.0000,82.4085,940.2333,3.3504,44.1141,2.3515,0.4000,1hnn
6.2400,1649.0000,456.0000,600.0000,36.0000,173.0000,48.0000,64.0000,4.0000,206.0000,59.0000,73.0000,4.0000,0.0000,0.0000,0.0000,0.0000,0.0000,0.0000,0.0000,0.0000,0.0000,0.0000,0.0000,0.0000,0.0000,0.0000,0.0000,0.0000,0.0000,0.0000,0.0000,0.0000,0.0000,0.0000,0.0000,0.0000,56.8681,707.0480,4.1843,19.5216,4.7096,0.6667,3vh9
6.2700,1138.0000,263.0000,344.0000,16.0000,702.0000,166.0000,204.0000,12.0000,682.0000,162.0000,203.0000,9.0000,230.0000,57.0000,64.0000,5.0000,0.0000,0.0000,0.0000,0.0000,0.0000,0.0000,0.0000,0.0000,0.0000,0.0000,0.0000,0.0000,0.0000,0.0000,0.0000,0.0000,0.0000,0.0000,0.0000,0.0000,83.3734,845.9297,6.0476,5.0686,8.1803,0.2222,3bfu
6.2800,2501.0000,717.0000,836.0000,0.0000,215.0000,63.0000,73.0000,0.0000,1948.0000,564.0000,654.0000,0.0000,0.0000,0.0000,0.0000,0.0000,0.0000,0.0000,0.0000,0.0000,0.0000,0.0000,0.0000,0.0000,0.0000,0.0000,0.0000,0.0000,0.0000,0.0000,0.0000,0.0000,0.0000,0.0000,0.0000,0.0000,121.5979,1421.7815,8.4526,0.0000,14.2981,0.0800,1w3l
6.3000,2863.0000,689.0000,774.0000,66.0000,579.0000,142.0000,161.0000,15.0000,301.0000,73.0000,80.0000,5.0000,0.0000,0.0000,0.0000,0.0000,0.0000,0.0000,0.0000,0.0000,713.0000,144.0000,150.0000,15.0000,0.0000,0.0000,0.0000,0.0000,0.0000,0.0000,0.0000,0.0000,0.0000,0.0000,0.0000,0.0000,77.3330,1437.9934,0.8242,55.8811,0.0000,0.1429,3k5v
6.3300,2606.0000,898.0000,785.0000,40.0000,97.0000,34.0000,32.0000,2.0000,860.0000,276.0000,248.0000,11.0000,129.0000,49.0000,48.0000,2.0000,0.0000,0.0000,0.0000,0.0000,0.0000,0.0000,0.0000,0.0000,0.0000,0.0000,0.0000,0.0000,163.0000,51.0000,50.0000,2.0000,0.0000,0.0000,0.0000,0.0000,90.7335,1352.1091,3.8553,36.4457,4.6250,0.1111,2qbr
6.3900,1610.0000,410.0000,481.0000,13.0000,586.0000,155.0000,191.0000,4.0000,1393.0000,349.0000,389.0000,9.0000,0.0000,0.0000,0.0000,0.0000,127.0000,31.0000,35.0000,1.0000,0.0000,0.0000,0.0000,0.0000,0.0000,0.0000,0.0000,0.0000,0.0000,0.0000,0.0000,0.0000,0.0000,0.0000,0.0000,0.0000,70.2406,1139.7866,4.2704,0.0000,8.6402,0.1667,1lol
6.4000,3285.0000,864.0000,809.0000,44.0000,478.0000,131.0000,125.0000,9.0000,915.0000,240.0000,233.0000,16.0000,168.0000,46.0000,42.0000,3.0000,0.0000,0.0000,0.0000,0.0000,0.0000,0.0000,0.0000,0.0000,0.0000,0.0000,0.0000,0.0000,0.0000,0.0000,0.0000,0.0000,0.0000,0.0000,0.0000,0.0000,111.8976,1374.5138,5.2593,35.4061,7.0350,0.0690,10gs
6.4200,1408.0000,378.0000,385.0000,6.0000,457.0000,117.0000,117.0000,2.0000,1175.0000,307.0000,310.0000,7.0000,0.0000,0.0000,0.0000,0.0000,0.0000,0.0000,0.0000,0.0000,0.0000,0.0000,0.0000,0.0000,0.0000,0.0000,0.0000,0.0000,0.0000,0.0000,0.0000,0.0000,0.0000,0.0000,0.0000,0.0000,85.1333,904.1433,8.6394,0.0000,10.9828,0.2222,2j78
6.4600,1522.0000,397.0000,461.0000,41.0000,807.0000,203.0000,241.0000,16.0000,186.0000,49.0000,60.0000,5.0000,0.0000,0.0000,0.0000,0.0000,0.0000,0.0000,0.0000,0.0000,0.0000,0.0000,0.0000,0.0000,0.0000,0.0000,0.0000,0.0000,0.0000,0.0000,0.0000,0.0000,0.0000,0.0000,0.0000,0.0000,90.3245,801.7684,5.3639,22.8494,6.2334,0.5000,1r5y
6.5000,1289.0000,354.0000,313.0000,6.0000,244.0000,68.0000,62.0000,1.0000,493.0000,134.0000,122.0000,2.0000,243.0000,70.0000,65.0000,1.0000,0.0000,0.0000,0.0000,0.0000,225.0000,62.0000,58.0000,1.0000,0.0000,0.0000,0.0000,0.0000,0.0000,0.0000,0.0000,0.0000,0.0000,0.0000,0.0000,0.0000,52.6861,682.5302,2.4534,18.7648,1.5941,0.4000,2weg
6.5200,4041.0000,1101.0000,1082.0000,0.0000,772.0000,212.0000,208.0000,0.0000,234.0000,61.0000,53.0000,0.0000,0.0000,0.0000,0.0000,0.0000,0.0000,0.0000,0.0000,0.0000,0.0000,0.0000,0.0000,0.0000,0.0000,0.0000,0.0000,0.0000,0.0000,0.0000,0.0000,0.0000,0.0000,0.0000,0.0000,0.0000,98.9535,1512.3868,4.7058,53.7068,4.8760,0.1429,3uo4
6.5400,2214.0000,503.0000,684.0000,29.0000,416.0000,102.0000,124.0000,6.0000,463.0000,105.0000,130.0000,5.0000,0.0000,0.0000,0.0000,0.0000,0.0000,0.0000,0.0000,0.0000,0.0000,0.0000,0.0000,0.0000,0.0000,0.0000,0.0000,0.0000,0.0000,0.0000,0.0000,0.0000,0.0000,0.0000,0.0000,0.0000,103.1301,1119.5837,3.4636,54.3266,2.1781,0.1667,3jvs
6.6300,4076.0000,922.0000,934.0000,93.0000,0.0000,0.0000,0.0000,0.0000,718.0000,160.0000,168.0000,14.0000,0.0000,0.0000,0.0000,0.0000,0.0000,0.0000,0.0000,0.0000,0.0000,0.0000,0.0000,0.0000,0.0000,0.0000,0.0000,0.0000,0.0000,0.0000,0.0000,0.0000,0.0000,0.0000,0.0000,0.0000,68.7792,1311.1832,1.1701,55.7541,1.0000,0.1176,2yfe
6.6400,3754.0000,912.0000,1026.0000,13.0000,650.0000,160.0000,180.0000,2.0000,654.0000,159.0000,169.0000,3.0000,0.0000,0.0000,0.0000,0.0000,0.0000,0.0000,0.0000,0.0000,0.0000,0.0000,0.0000,0.0000,0.0000,0.0000,0.0000,0.0000,0.0000,0.0000,0.0000,0.0000,0.0000,0.0000,0.0000,0.0000,126.4793,1699.1934,7.0245,56.7830,5.6548,0.0667,1sln
6.6800,3059.0000,797.0000,977.0000,18.0000,0.0000,0.0000,0.0000,0.0000,961.0000,248.0000,288.0000,5.0000,0.0000,0.0000,0.0000,0.0000,0.0000,0.0000,0.0000,0.0000,0.0000,0.0000,0.0000,0.0000,213.0000,51.0000,61.0000,2.0000,0.0000,0.0000,0.0000,0.0000,0.0000,0.0000,0.0000,0.0000,62.3250,1259.5673,1.7551,28.3367,1.5492,0.5000,2iwx
6.7200,696.0000,240.0000,351.0000,0.0000,0.0000,0.0000,0.0000,0.0000,560.0000,176.0000,263.0000,0.0000,0.0000,0.0000,0.0000,0.0000,0.0000,0.0000,0.0000,0.0000,0.0000,0.0000,0.0000,0.0000,0.0000,0.0000,0.0000,0.0000,0.0000,0.0000,0.0000,0.0000,0.0000,0.0000,0.0000,0.0000,51.8063,652.8679,5.5620,1.0000,10.9835,0.2857,2jdu
6.7200,4185.0000,1100.0000,1238.0000,7.0000,566.0000,136.0000,172.0000,3.0000,352.0000,91.0000,106.0000,1.0000,0.0000,0.0000,0.0000,0.0000,0.0000,0.0000,0.0000,0.0000,0.0000,0.0000,0.0000,0.0000,0.0000,0.0000,0.0000,0.0000,0.0000,0.0000,0.0000,0.0000,0.0000,0.0000,0.0000,0.0000,97.6643,1427.8438,4.1834,58.5832,4.1651,0.1818,4djv
6.8000,4622.0000,1203.0000,1263.0000,0.0000,559.0000,154.0000,158.0000,0.0000,1525.0000,417.0000,435.0000,0.0000,0.0000,0.0000,0.0000,0.0000,194.0000,60.0000,56.0000,0.0000,0.0000,0.0000,0.0000,0.0000,0.0000,0.0000,0.0000,0.0000,0.0000,0.0000,0.0000,0.0000,0.0000,0.0000,0.0000,0.0000,110.0114,1894.8789,7.2168,48.8509,5.8173,0.0714,2xhm
6.8300,3506.0000,866.0000,905.0000,2.0000,1090.0000,281.0000,284.0000,0.0000,231.0000,48.0000,59.0000,0.0000,236.0000,54.0000,59.0000,0.0000,0.0000,0.0000,0.0000,0.0000,0.0000,0.0000,0.0000,0.0000,0.0000,0.0000,0.0000,0.0000,0.0000,0.0000,0.0000,0.0000,0.0000,0.0000,0.0000,0.0000,86.0459,1571.6360,2.7749,34.0552,2.4361,0.2000,2xnb
6.8500,2308.0000,692.0000,584.0000,0.0000,523.0000,157.0000,120.0000,0.0000,970.0000,294.0000,255.0000,0.0000,0.0000,0.0000,0.0000,0.0000,129.0000,38.0000,38.0000,0.0000,0.0000,0.0000,0.0000,0.0000,0.0000,0.0000,0.0000,0.0000,0.0000,0.0000,0.0000,0.0000,0.0000,0.0000,0.0000,0.0000,95.4076,1325.1816,6.0859,35.3055,10.5502,0.0769,3s8o
6.8700,4315.0000,1074.0000,1185.0000,53.0000,0.0000,0.0000,0.0000,0.0000,974.0000,276.0000,314.0000,6.0000,156.0000,43.0000,50.0000,0.0000,180.0000,51.0000,56.0000,1.0000,0.0000,0.0000,0.0000,0.0000,0.0000,0.0000,0.0000,0.0000,0.0000,0.0000,0.0000,0.0000,0.0000,0.0000,0.0000,0.0000,88.0334,1640.7028,3.8849,90.7115,3.7662,0.0909,2zcr
6.8800,3043.0000,764.0000,897.0000,66.0000,460.0000,116.0000,132.0000,7.0000,1214.0000,308.0000,346.0000,27.0000,151.0000,38.0000,48.0000,3.0000,0.0000,0.0000,0.0000,0.0000,0.0000,0.0000,0.0000,0.0000,0.0000,0.0000,0.0000,0.0000,0.0000,0.0000,0.0000,0.0000,0.0000,0.0000,0.0000,0.0000,150.9190,1787.3947,9.3193,25.8616,11.0666,0.1000,3oe5
6.9000,2422.0000,587.0000,704.0000,46.0000,223.0000,51.0000,62.0000,4.0000,1332.0000,318.0000,374.0000,23.0000,0.0000,0.0000,0.0000,0.0000,0.0000,0.0000,0.0000,0.0000,0.0000,0.0000,0.0000,0.0000,0.0000,0.0000,0.0000,0.0000,0.0000,0.0000,0.0000,0.0000,0.0000,0.0000,0.0000,0.0000,99.9889,1164.3586,5.5349,18.0802,8.3957,0.1818,3gbb
6.9200,3137.0000,878.0000,745.0000,31.0000,277.0000,81.0000,64.0000,3.0000,539.0000,161.0000,130.0000,4.0000,287.0000,87.0000,76.0000,2.0000,0.0000,0.0000,0.0000,0.0000,0.0000,0.0000,0.0000,0.0000,0.0000,0.0000,0.0000,0.0000,0.0000,0.0000,0.0000,0.0000,0.0000,0.0000,0.0000,0.0000,82.3279,1231.8048,2.9847,70.5567,2.7874,0.1667,2d3u
6.9200,3633.0000,859.0000,886.0000,57.0000,0.0000,0.0000,0.0000,0.0000,212.0000,58.0000,62.0000,4.0000,0.0000,0.0000,0.0000,0.0000,0.0000,0.0000,0.0000,0.0000,0.0000,0.0000,0.0000,0.0000,0.0000,0.0000,0.0000,0.0000,0.0000,0.0000,0.0000,0.0000,0.0000,0.0000,0.0000,0.0000,55.2713,1017.7612,0.7531,102.2329,0.0000,0.0588,3uex
7.0000,2876.0000,761.0000,918.0000,25.0000,0.0000,0.0000,0.0000,0.0000,1133.0000,297.0000,364.0000,10.0000,0.0000,0.0000,0.0000,0.0000,0.0000,0.0000,0.0000,0.0000,0.0000,0.0000,0.0000,0.0000,0.0000,0.0000,0.0000,0.0000,0.0000,0.0000,0.0000,0.0000,0.0000,0.0000,0.0000,0.0000,54.5877,1148.1350,10.0523,27.6904,0.7029,0.2500,4dew
7.1200,5091.0000,1468.0000,1403.0000,21.0000,189.0000,60.0000,50.0000,1.0000,3630.0000,1034.0000,1018.0000,13.0000,0.0000,0.0000,0.0000,0.0000,0.0000,0.0000,0.0000,0.0000,0.0000,0.0000,0.0000,0.0000,0.0000,0.0000,0.0000,0.0000,0.0000,0.0000,0.0000,0.0000,0.0000,0.0000,0.0000,0.0000,149.3487,2561.8467,10.8046,5.4513,16.4159,0.0476,1xd0
7.1200,4142.0000,952.0000,965.0000,113.0000,456.0000,103.0000,111.0000,14.0000,900.0000,201.0000,221.0000,24.0000,223.0000,51.0000,56.0000,6.0000,0.0000,0.0000,0.0000,0.0000,911.0000,219.0000,219.0000,25.0000,0.0000,0.0000,0.0000,0.0000,0.0000,0.0000,0.0000,0.0000,0.0000,0.0000,0.0000,0.0000,101.9596,1874.4138,3.4468,57.9998,3.0741,0.1333,1z95
7.1400,3235.0000,862.0000,854.0000,25.0000,680.0000,188.0000,180.0000,7.0000,944.0000,256.0000,256.0000,8.0000,0.0000,0.0000,0.0000,0.0000,0.0000,0.0000,0.0000,0.0000,0.0000,0.0000,0.0000,0.0000,0.0000,0.0000,0.0000,0.0000,0.0000,0.0000,0.0000,0.0000,0.0000,0.0000,0.0000,0.0000,124.4377,1425.7808,9.2886,18.6142,8.4571,0.1429,2vot
7.2400,3813.0000,1003.0000,1187.0000,86.0000,690.0000,192.0000,230.0000,19.0000,325.0000,78.0000,95.0000,9.0000,0.0000,0.0000,0.0000,0.0000,0.0000,0.0000,0.0000,0.0000,152.0000,37.0000,46.0000,1.0000,0.0000,0.0000,0.0000,0.0000,0.0000,0.0000,0.0000,0.0000,0.0000,0.0000,0.0000,0.0000,103.0967,1621.4814,2.9901,40.8506,4.1520,0.1818,1oyt
7.2500,3619.0000,954.0000,1013.0000,17.0000,491.0000,128.0000,137.0000,2.0000,294.0000,75.0000,85.0000,3.0000,0.0000,0.0000,0.0000,0.0000,0.0000,0.0000,0.0000,0.0000,658.0000,162.0000,184.0000,1.0000,0.0000,0.0000,0.0000,0.0000,0.0000,0.0000,0.0000,0.0000,0.0000,0.0000,0.0000,0.0000,78.5259,1372.4095,6.9411,42.0800,2.0000,0.1538,2ole
7.2500,3714.0000,964.0000,995.0000,37.0000,647.0000,172.0000,178.0000,8.0000,520.0000,140.0000,139.0000,6.0000,0.0000,0.0000,0.0000,0.0000,0.0000,0.0000,0.0000,0.0000,641.0000,177.0000,166.0000,6.0000,186.0000,50.0000,53.0000,1.0000,0.0000,0.0000,0.0000,0.0000,0.0000,0.0000,0.0000,0.0000,117.6212,1849.4379,4.0958,62.1398,3.8784,0.1429,3gcs
7.2800,2232.0000,667.0000,600.0000,8.0000,405.0000,111.0000,103.0000,1.0000,1077.0000,320.0000,288.0000,3.0000,0.0000,0.0000,0.0000,0.0000,138.0000,45.0000,40.0000,0.0000,0.0000,0.0000,0.0000,0.0000,0.0000,0.0000,0.0000,0.0000,0.0000,0.0000,0.0000,0.0000,0.0000,0.0000,0.0000,0.0000,108.4398,1221.6223,4.9582,56.2492,5.7527,0.0909,1kel
7.3000,1955.0000,498.0000,531.0000,21.0000,442.0000,112.0000,124.0000,5.0000,842.0000,209.0000,227.0000,7.0000,223.0000,59.0000,58.0000,2.0000,0.0000,0.0000,0.0000,0.0000,0.0000,0.0000,0.0000,0.0000,0.0000,0.0000,0.0000,0.0000,0.0000,0.0000,0.0000,0.0000,0.0000,0.0000,0.0000,0.0000,92.9709,1165.5858,5.2551,12.6517,5.3615,0.1818,2vvn
7.3200,912.0000,284.0000,335.0000,1.0000,790.0000,243.0000,284.0000,2.0000,570.0000,171.0000,205.0000,1.0000,0.0000,0.0000,0.0000,0.0000,0.0000,0.0000,0.0000,0.0000,0.0000,0.0000,0.0000,0.0000,0.0000,0.0000,0.0000,0.0000,0.0000,0.0000,0.0000,0.0000,0.0000,0.0000,0.0000,0.0000,59.6196,859.9880,5.8955,0.3532,8.2341,0.1667,3kv2
7.3200,6073.0000,1455.0000,2267.0000,0.0000,954.0000,214.0000,334.0000,0.0000,785.0000,182.0000,290.0000,0.0000,0.0000,0.0000,0.0000,0.0000,0.0000,0.0000,0.0000,0.0000,0.0000,0.0000,0.0000,0.0000,0.0000,0.0000,0.0000,0.0000,0.0000,0.0000,0.0000,0.0000,0.0000,0.0000,0.0000,0.0000,132.3584,2282.5657,4.8764,87.9904,6.9050,0.0690,3pww
7.3500,3912.0000,1117.0000,1150.0000,0.0000,593.0000,173.0000,170.0000,0.0000,1029.0000,299.0000,319.0000,0.0000,147.0000,42.0000,46.0000,0.0000,0.0000,0.0000,0.0000,0.0000,117.0000,31.0000,32.0000,0.0000,0.0000,0.0000,0.0000,0.0000,0.0000,0.0000,0.0000,0.0000,0.0000,0.0000,0.0000,0.0000,153.0202,1932.1533,4.0166,56.1947,5.3742,0.1111,3su2
7.4000,1880.0000,675.0000,652.0000,1.0000,362.0000,125.0000,123.0000,0.0000,1150.0000,423.0000,411.0000,2.0000,0.0000,0.0000,0.0000,0.0000,0.0000,0.0000,0.0000,0.0000,0.0000,0.0000,0.0000,0.0000,0.0000,0.0000,0.0000,0.0000,0.0000,0.0000,0.0000,0.0000,0.0000,0.0000,0.0000,0.0000,73.6597,1050.8469,6.3992,8.5748,8.3119,0.1250,1f8c
7.4200,3846.0000,991.0000,1252.0000,67.0000,386.0000,99.0000,120.0000,6.0000,331.0000,91.0000,115.0000,7.0000,0.0000,0.0000,0.0000,0.0000,0.0000,0.0000,0.0000,0.0000,0.0000,0.0000,0.0000,0.0000,0.0000,0.0000,0.0000,0.0000,0.0000,0.0000,0.0000,0.0000,0.0000,0.0000,0.0000,0.0000,83.6957,1380.0022,2.4178,55.4364,0.9897,0.6667,2xys
7.5200,2170.0000,575.0000,668.0000,19.0000,0.0000,0.0000,0.0000,0.0000,1592.0000,420.0000,478.0000,13.0000,210.0000,54.0000,62.0000,2.0000,0.0000,0.0000,0.0000,0.0000,0.0000,0.0000,0.0000,0.0000,0.0000,0.0000,0.0000,0.0000,0.0000,0.0000,0.0000,0.0000,0.0000,0.0000,0.0000,0.0000,77.8010,1215.7399,5.6364,0.0000,6.9525,0.0741,3l4u
7.5900,3046.0000,979.0000,891.0000,0.0000,0.0000,0.0000,0.0000,0.0000,1404.0000,433.0000,414.0000,0.0000,0.0000,0.0000,0.0000,0.0000,0.0000,0.0000,0.0000,0.0000,0.0000,0.0000,0.0000,0.0000,0.0000,0.0000,0.0000,0.0000,0.0000,0.0000,0.0000,0.0000,0.0000,0.0000,0.0000,0.0000,112.3422,1556.1581,7.7105,45.2279,9.6203,0.1538,2xb8
7.7000,3951.0000,987.0000,1026.0000,21.0000,823.0000,209.0000,220.0000,5.0000,533.0000,135.0000,137.0000,3.0000,0.0000,0.0000,0.0000,0.0000,0.0000,0.0000,0.0000,0.0000,0.0000,0.0000,0.0000,0.0000,0.0000,0.0000,0.0000,0.0000,0.0000,0.0000,0.0000,0.0000,0.0000,0.0000,0.0000,0.0000,103.6950,1735.5889,6.2348,51.1741,8.1979,0.0500,2d1o
7.7000,2846.0000,764.0000,725.0000,14.0000,0.0000,0.0000,0.0000,0.0000,1561.0000,418.0000,409.0000,8.0000,0.0000,0.0000,0.0000,0.0000,0.0000,0.0000,0.0000,0.0000,0.0000,0.0000,0.0000,0.0000,0.0000,0.0000,0.0000,0.0000,0.0000,0.0000,0.0000,0.0000,0.0000,0.0000,0.0000,0.0000,67.6345,1277.3379,2.6989,33.4595,1.5261,0.3333,2zjw
7.7000,1444.0000,357.0000,448.0000,14.0000,240.0000,59.0000,73.0000,3.0000,470.0000,113.0000,139.0000,3.0000,0.0000,0.0000,0.0000,0.0000,0.0000,0.0000,0.0000,0.0000,0.0000,0.0000,0.0000,0.0000,0.0000,0.0000,0.0000,0.0000,0.0000,0.0000,0.0000,0.0000,0.0000,0.0000,0.0000,0.0000,65.7902,711.6774,3.8195,28.4658,6.1119,0.2222,3f3e
7.7700,2437.0000,562.0000,660.0000,15.0000,480.0000,111.0000,126.0000,3.0000,710.0000,169.0000,182.0000,5.0000,0.0000,0.0000,0.0000,0.0000,0.0000,0.0000,0.0000,0.0000,0.0000,0.0000,0.0000,0.0000,0.0000,0.0000,0.0000,0.0000,0.0000,0.0000,0.0000,0.0000,0.0000,0.0000,0.0000,0.0000,87.0427,1023.6299,1.8998,42.3853,2.0923,0.2857,2g70
7.7900,1652.0000,439.0000,429.0000,11.0000,451.0000,113.0000,111.0000,4.0000,732.0000,187.0000,187.0000,4.0000,0.0000,0.0000,0.0000,0.0000,0.0000,0.0000,0.0000,0.0000,0.0000,0.0000,0.0000,0.0000,0.0000,0.0000,0.0000,0.0000,0.0000,0.0000,0.0000,0.0000,0.0000,0.0000,0.0000,0.0000,75.9293,816.6307,6.6587,11.9198,9.0039,0.2500,2zwz
7.8000,2414.0000,726.0000,657.0000,62.0000,868.0000,253.0000,244.0000,26.0000,2088.0000,683.0000,596.0000,38.0000,0.0000,0.0000,0.0000,0.0000,386.0000,142.0000,118.0000,7.0000,0.0000,0.0000,0.0000,0.0000,0.0000,0.0000,0.0000,0.0000,0.0000,0.0000,0.0000,0.0000,0.0000,0.0000,0.0000,0.0000,106.4754,1921.2786,4.3310,4.3479,5.4742,0.0645,1u1b
7.8900,1546.0000,368.0000,463.0000,22.0000,225.0000,55.0000,58.0000,4.0000,894.0000,210.0000,257.0000,11.0000,0.0000,0.0000,0.0000,0.0000,0.0000,0.0000,0.0000,0.0000,0.0000,0.0000,0.0000,0.0000,0.0000,0.0000,0.0000,0.0000,0.0000,0.0000,0.0000,0.0000,0.0000,0.0000,0.0000,0.0000,83.9567,804.6635,5.6895,22.4026,9.7755,0.2222,4g8m
7.9600,2914.0000,794.0000,980.0000,87.0000,527.0000,153.0000,180.0000,12.0000,151.0000,42.0000,49.0000,4.0000,0.0000,0.0000,0.0000,0.0000,0.0000,0.0000,0.0000,0.0000,0.0000,0.0000,0.0000,0.0000,0.0000,0.0000,0.0000,0.0000,0.0000,0.0000,0.0000,0.0000,0.0000,0.0000,0.0000,0.0000,100.5019,1201.6874,5.4563,11.5962,6.5393,0.2000,1o3f
7.9600,1843.0000,537.0000,541.0000,6.0000,198.0000,62.0000,64.0000,1.0000,593.0000,172.0000,171.0000,3.0000,193.0000,61.0000,53.0000,0.0000,0.0000,0.0000,0.0000,0.0000,0.0000,0.0000,0.0000,0.0000,0.0000,0.0000,0.0000,0.0000,0.0000,0.0000,0.0000,0.0000,0.0000,0.0000,0.0000,0.0000,63.9199,783.1029,4.8239,16.3468,2.5254,0.2222,2x8z
8.0000,6195.0000,1718.0000,1871.0000,3.0000,1059.0000,293.0000,306.0000,0.0000,902.0000,250.0000,276.0000,1.0000,0.0000,0.0000,0.0000,0.0000,0.0000,0.0000,0.0000,0.0000,0.0000,0.0000,0.0000,0.0000,0.0000,0.0000,0.0000,0.0000,0.0000,0.0000,0.0000,0.0000,0.0000,0.0000,0.0000,0.0000,152.0657,2425.3992,4.2410,85.7632,4.8975,0.0690,3cyx
8.0200,3580.0000,926.0000,909.0000,16.0000,457.0000,123.0000,116.0000,2.0000,951.0000,253.0000,250.0000,6.0000,0.0000,0.0000,0.0000,0.0000,0.0000,0.0000,0.0000,0.0000,0.0000,0.0000,0.0000,0.0000,0.0000,0.0000,0.0000,0.0000,0.0000,0.0000,0.0000,0.0000,0.0000,0.0000,0.0000,0.0000,113.1482,1389.9321,7.9826,21.8948,9.0928,0.1429,2cet
8.0500,4518.0000,1145.0000,1429.0000,42.0000,2180.0000,520.0000,660.0000,20.0000,991.0000,251.0000,308.0000,9.0000,0.0000,0.0000,0.0000,0.0000,0.0000,0.0000,0.0000,0.0000,0.0000,0.0000,0.0000,0.0000,0.0000,0.0000,0.0000,0.0000,0.0000,0.0000,0.0000,0.0000,0.0000,0.0000,0.0000,0.0000,122.1752,2130.3108,5.2249,19.4541,7.7615,0.0286,3ag9
8.1100,2129.0000,706.0000,670.0000,30.0000,0.0000,0.0000,0.0000,0.0000,2930.0000,989.0000,907.0000,39.0000,0.0000,0.0000,0.0000,0.0000,414.0000,138.0000,128.0000,5.0000,406.0000,138.0000,126.0000,6.0000,0.0000,0.0000,0.0000,0.0000,0.0000,0.0000,0.0000,0.0000,0.0000,0.0000,0.0000,0.0000,156.0826,1699.5319,13.3755,23.5321,21.1726,0.0952,2pq9
8.1800,5320.0000,1469.0000,1502.0000,16.0000,819.0000,229.0000,241.0000,4.0000,1002.0000,278.0000,278.0000,2.0000,0.0000,0.0000,0.0000,0.0000,0.0000,0.0000,0.0000,0.0000,0.0000,0.0000,0.0000,0.0000,0.0000,0.0000,0.0000,0.0000,0.0000,0.0000,0.0000,0.0000,0.0000,0.0000,0.0000,0.0000,115.1464,2010.2720,7.8113,51.8852,7.7210,0.0606,3l3n
8.2500,4893.0000,1251.0000,1528.0000,27.0000,685.0000,175.0000,218.0000,4.0000,727.0000,184.0000,233.0000,4.0000,0.0000,0.0000,0.0000,0.0000,0.0000,0.0000,0.0000,0.0000,0.0000,0.0000,0.0000,0.0000,0.0000,0.0000,0.0000,0.0000,0.0000,0.0000,0.0000,0.0000,0.0000,0.0000,0.0000,0.0000,110.8168,1896.4025,4.0753,63.8517,4.4186,0.2222,1nvq
8.2700,2278.0000,548.0000,673.0000,12.0000,497.0000,128.0000,154.0000,2.0000,1302.0000,315.0000,382.0000,9.0000,0.0000,0.0000,0.0000,0.0000,0.0000,0.0000,0.0000,0.0000,0.0000,0.0000,0.0000,0.0000,0.0000,0.0000,0.0000,0.0000,0.0000,0.0000,0.0000,0.0000,0.0000,0.0000,0.0000,0.0000,87.5756,1258.5494,6.0798,17.7006,7.7073,0.1333,2cbj
8.3000,4004.0000,1034.0000,1226.0000,49.0000,947.0000,236.0000,287.0000,9.0000,551.0000,141.0000,165.0000,7.0000,0.0000,0.0000,0.0000,0.0000,0.0000,0.0000,0.0000,0.0000,0.0000,0.0000,0.0000,0.0000,0.0000,0.0000,0.0000,0.0000,0.0000,0.0000,0.0000,0.0000,0.0000,0.0000,0.0000,0.0000,90.4088,1693.0051,2.7925,39.8642,3.2270,0.1429,2v7a
8.3500,6011.0000,1245.0000,1521.0000,23.0000,809.0000,170.0000,214.0000,3.0000,437.0000,99.0000,115.0000,2.0000,0.0000,0.0000,0.0000,0.0000,0.0000,0.0000,0.0000,0.0000,0.0000,0.0000,0.0000,0.0000,0.0000,0.0000,0.0000,0.0000,0.0000,0.0000,0.0000,0.0000,0.0000,0.0000,0.0000,0.0000,132.4084,2005.0228,3.0526,112.5265,2.9168,0.0625,1h23
8.4000,3281.0000,1089.0000,964.0000,48.0000,234.0000,76.0000,67.0000,4.0000,1164.0000,364.0000,338.0000,15.0000,271.0000,91.0000,92.0000,4.0000,0.0000,0.0000,0.0000,0.0000,0.0000,0.0000,0.0000,0.0000,0.0000,0.0000,0.0000,0.0000,168.0000,56.0000,50.0000,2.0000,0.0000,0.0000,0.0000,0.0000,116.3967,1788.0842,4.2578,37.8807,4.3057,0.1000,2qbp
8.4000,4408.0000,1026.0000,1012.0000,119.0000,694.0000,157.0000,164.0000,18.0000,1371.0000,312.0000,315.0000,39.0000,0.0000,0.0000,0.0000,0.0000,0.0000,0.0000,0.0000,0.0000,700.0000,174.0000,164.0000,23.0000,0.0000,0.0000,0.0000,0.0000,0.0000,0.0000,0.0000,0.0000,0.0000,0.0000,0.0000,0.0000,131.5776,2090.3555,4.9800,66.5240,3.2124,0.1053,3b68
8.4300,3463.0000,970.0000,1097.0000,93.0000,747.0000,221.0000,236.0000,22.0000,391.0000,110.0000,116.0000,7.0000,0.0000,0.0000,0.0000,0.0000,0.0000,0.0000,0.0000,0.0000,362.0000,123.0000,124.0000,10.0000,226.0000,60.0000,68.0000,7.0000,0.0000,0.0000,0.0000,0.0000,0.0000,0.0000,0.0000,0.0000,174.8537,1800.4973,3.9771,66.4809,1.6850,0.1250,2xbv
8.5200,3306.0000,822.0000,869.0000,0.0000,900.0000,226.0000,236.0000,0.0000,681.0000,169.0000,173.0000,1.0000,136.0000,33.0000,38.0000,0.0000,0.0000,0.0000,0.0000,0.0000,414.0000,91.0000,98.0000,0.0000,0.0000,0.0000,0.0000,0.0000,0.0000,0.0000,0.0000,0.0000,0.0000,0.0000,0.0000,0.0000,101.4426,1596.7245,3.4945,30.1233,3.0526,0.1429,2fvd
8.5200,4291.0000,1090.0000,1360.0000,33.0000,375.0000,77.0000,106.0000,2.0000,925.0000,230.0000,285.0000,7.0000,0.0000,0.0000,0.0000,0.0000,0.0000,0.0000,0.0000,0.0000,0.0000,0.0000,0.0000,0.0000,0.0000,0.0000,0.0000,0.0000,0.0000,0.0000,0.0000,0.0000,0.0000,0.0000,0.0000,0.0000,87.4883,1564.4714,3.4065,38.6187,4.1899,0.2000,2vw5
8.5700,3256.0000,830.0000,980.0000,9.0000,216.0000,50.0000,61.0000,1.0000,848.0000,209.0000,244.0000,4.0000,0.0000,0.0000,0.0000,0.0000,0.0000,0.0000,0.0000,0.0000,0.0000,0.0000,0.0000,0.0000,0.0000,0.0000,0.0000,0.0000,0.0000,0.0000,0.0000,0.0000,0.0000,0.0000,0.0000,0.0000,114.2368,1331.3567,9.5851,21.7525,10.8997,0.1538,3ejr
8.6300,2551.0000,617.0000,679.0000,14.0000,308.0000,86.0000,90.0000,2.0000,617.0000,173.0000,177.0000,3.0000,147.0000,38.0000,43.0000,1.0000,0.0000,0.0000,0.0000,0.0000,0.0000,0.0000,0.0000,0.0000,0.0000,0.0000,0.0000,0.0000,0.0000,0.0000,0.0000,0.0000,0.0000,0.0000,0.0000,0.0000,96.6588,1268.7922,5.2540,36.4651,2.9842,0.1667,3f17
8.6600,3258.0000,872.0000,922.0000,7.0000,771.0000,212.0000,229.0000,1.0000,272.0000,74.0000,77.0000,1.0000,0.0000,0.0000,0.0000,0.0000,0.0000,0.0000,0.0000,0.0000,0.0000,0.0000,0.0000,0.0000,428.0000,117.0000,120.0000,1.0000,0.0000,0.0000,0.0000,0.0000,0.0000,0.0000,0.0000,0.0000,84.2911,1252.0869,5.4306,28.9851,2.9112,0.2222,3nox
8.7000,7434.0000,1909.0000,1971.0000,27.0000,504.0000,127.0000,132.0000,2.0000,914.0000,237.0000,236.0000,5.0000,0.0000,0.0000,0.0000,0.0000,0.0000,0.0000,0.0000,0.0000,168.0000,44.0000,48.0000,1.0000,0.0000,0.0000,0.0000,0.0000,0.0000,0.0000,0.0000,0.0000,0.0000,0.0000,0.0000,0.0000,195.7583,2865.9055,6.3751,140.1179,4.2120,0.0526,1hfs
8.7000,3059.0000,941.0000,783.0000,0.0000,505.0000,154.0000,121.0000,0.0000,1486.0000,426.0000,381.0000,0.0000,0.0000,0.0000,0.0000,0.0000,216.0000,63.0000,64.0000,0.0000,0.0000,0.0000,0.0000,0.0000,0.0000,0.0000,0.0000,0.0000,0.0000,0.0000,0.0000,0.0000,0.0000,0.0000,0.0000,0.0000,157.7730,1836.3835,14.4785,61.7038,18.0587,0.0488,1jyq
8.7000,3294.0000,763.0000,881.0000,2.0000,187.0000,46.0000,50.0000,0.0000,0.0000,0.0000,0.0000,0.0000,0.0000,0.0000,0.0000,0.0000,0.0000,0.0000,0.0000,0.0000,0.0000,0.0000,0.0000,0.0000,0.0000,0.0000,0.0000,0.0000,0.0000,0.0000,0.0000,0.0000,0.0000,0.0000,0.0000,0.0000,94.5419,1208.4292,3.3520,75.2180,0.6690,0.3333,2pcp
8.7000,3205.0000,840.0000,962.0000,91.0000,1266.0000,315.0000,381.0000,31.0000,182.0000,46.0000,59.0000,5.0000,0.0000,0.0000,0.0000,0.0000,0.0000,0.0000,0.0000,0.0000,0.0000,0.0000,0.0000,0.0000,0.0000,0.0000,0.0000,0.0000,0.0000,0.0000,0.0000,0.0000,0.0000,0.0000,0.0000,0.0000,148.1169,1508.9559,6.9275,37.1830,8.2865,0.1333,3ge7
8.7400,4559.0000,1176.0000,1212.0000,0.0000,755.0000,198.0000,216.0000,0.0000,195.0000,46.0000,50.0000,0.0000,0.0000,0.0000,0.0000,0.0000,0.0000,0.0000,0.0000,0.0000,421.0000,102.0000,118.0000,0.0000,170.0000,41.0000,42.0000,0.0000,1.0000,0.0000,0.0000,0.0000,0.0000,0.0000,0.0000,0.0000,95.8670,1763.3081,3.2936,58.3161,1.9676,0.2000,2wtv
8.8200,3422.0000,866.0000,958.0000,36.0000,0.0000,0.0000,0.0000,0.0000,1363.0000,369.0000,430.0000,11.0000,177.0000,46.0000,59.0000,2.0000,201.0000,58.0000,64.0000,2.0000,0.0000,0.0000,0.0000,0.0000,0.0000,0.0000,0.0000,0.0000,0.0000,0.0000,0.0000,0.0000,0.0000,0.0000,0.0000,0.0000,92.8422,1408.8551,5.1724,59.1117,6.1319,0.1111,2zcq
8.8500,3798.0000,866.0000,997.0000,28.0000,465.0000,104.0000,121.0000,3.0000,698.0000,158.0000,184.0000,5.0000,238.0000,55.0000,60.0000,1.0000,0.0000,0.0000,0.0000,0.0000,0.0000,0.0000,0.0000,0.0000,230.0000,56.0000,59.0000,2.0000,0.0000,0.0000,0.0000,0.0000,0.0000,0.0000,0.0000,0.0000,122.9956,1553.4562,5.3126,79.1748,2.6370,0.1818,2obf
8.8500,5485.0000,1393.0000,1472.0000,54.0000,667.0000,180.0000,183.0000,8.0000,574.0000,152.0000,159.0000,6.0000,0.0000,0.0000,0.0000,0.0000,0.0000,0.0000,0.0000,0.0000,0.0000,0.0000,0.0000,0.0000,0.0000,0.0000,0.0000,0.0000,0.0000,0.0000,0.0000,0.0000,0.0000,0.0000,0.0000,0.0000,129.5508,2091.9817,3.7210,84.3265,3.4140,0.1667,3e93
9.0000,5443.0000,1222.0000,1259.0000,113.0000,379.0000,91.0000,95.0000,8.0000,1032.0000,233.0000,248.0000,19.0000,0.0000,0.0000,0.0000,0.0000,0.0000,0.0000,0.0000,0.0000,693.0000,155.0000,145.0000,12.0000,210.0000,54.0000,46.0000,4.0000,0.0000,0.0000,0.0000,0.0000,0.0000,0.0000,0.0000,0.0000,117.7789,2278.4368,2.9255,64.8699,1.3322,0.1000,2p4y
9.0000,1625.0000,449.0000,386.0000,9.0000,462.0000,129.0000,114.0000,2.0000,651.0000,177.0000,159.0000,3.0000,460.0000,128.0000,114.0000,2.0000,0.0000,0.0000,0.0000,0.0000,0.0000,0.0000,0.0000,0.0000,0.0000,0.0000,0.0000,0.0000,0.0000,0.0000,0.0000,0.0000,0.0000,0.0000,0.0000,0.0000,59.5570,862.9139,2.4755,13.3229,1.8064,0.2222,3dd0
9.0000,4030.0000,1024.0000,1201.0000,75.0000,848.0000,222.0000,256.0000,15.0000,1050.0000,270.0000,304.0000,22.0000,0.0000,0.0000,0.0000,0.0000,0.0000,0.0000,0.0000,0.0000,81.0000,22.0000,24.0000,2.0000,0.0000,0.0000,0.0000,0.0000,0.0000,0.0000,0.0000,0.0000,0.0000,0.0000,0.0000,0.0000,171.9799,2169.5740,11.3353,41.8823,11.4796,0.1111,3nw9
9.0000,6112.0000,1415.0000,2268.0000,0.0000,1572.0000,356.0000,553.0000,1.0000,1177.0000,258.0000,437.0000,0.0000,138.0000,34.0000,55.0000,0.0000,0.0000,0.0000,0.0000,0.0000,0.0000,0.0000,0.0000,0.0000,0.0000,0.0000,0.0000,0.0000,0.0000,0.0000,0.0000,0.0000,0.0000,0.0000,0.0000,0.0000,130.2822,2532.1294,3.9428,44.9425,5.2505,0.0339,3uri
9.1000,5776.0000,1680.0000,1756.0000,78.0000,434.0000,141.0000,147.0000,8.0000,875.0000,261.0000,257.0000,16.0000,185.0000,48.0000,48.0000,4.0000,0.0000,0.0000,0.0000,0.0000,175.0000,49.0000,53.0000,2.0000,0.0000,0.0000,0.0000,0.0000,0.0000,0.0000,0.0000,0.0000,0.0000,0.0000,0.0000,0.0000,128.1799,2005.5160,3.6930,43.8367,3.9152,0.1538,3gnw
9.1300,4190.0000,1262.0000,1191.0000,0.0000,596.0000,179.0000,166.0000,0.0000,1027.0000,313.0000,309.0000,0.0000,144.0000,41.0000,45.0000,0.0000,0.0000,0.0000,0.0000,0.0000,0.0000,0.0000,0.0000,0.0000,0.0000,0.0000,0.0000,0.0000,0.0000,0.0000,0.0000,0.0000,0.0000,0.0000,0.0000,0.0000,146.9914,1917.3999,3.8724,54.6547,5.1144,0.1250,3su3
9.1900,7524.0000,2055.0000,2131.0000,13.0000,597.0000,170.0000,178.0000,0.0000,1817.0000,504.0000,510.0000,4.0000,0.0000,0.0000,0.0000,0.0000,197.0000,59.0000,56.0000,0.0000,0.0000,0.0000,0.0000,0.0000,0.0000,0.0000,0.0000,0.0000,0.0000,0.0000,0.0000,0.0000,0.0000,0.0000,0.0000,0.0000,164.1378,2785.2195,8.7450,85.6683,5.7904,0.0541,2xy9
9.2100,3365.0000,985.0000,1073.0000,84.0000,1037.0000,300.0000,318.0000,22.0000,115.0000,34.0000,42.0000,4.0000,0.0000,0.0000,0.0000,0.0000,0.0000,0.0000,0.0000,0.0000,0.0000,0.0000,0.0000,0.0000,0.0000,0.0000,0.0000,0.0000,0.0000,0.0000,0.0000,0.0000,0.0000,0.0000,0.0000,0.0000,103.1769,1434.6224,3.8121,8.7722,4.3930,0.1250,1sqa
9.3000,2707.0000,649.0000,777.0000,46.0000,463.0000,108.0000,132.0000,8.0000,1617.0000,378.0000,452.0000,24.0000,0.0000,0.0000,0.0000,0.0000,0.0000,0.0000,0.0000,0.0000,0.0000,0.0000,0.0000,0.0000,0.0000,0.0000,0.0000,0.0000,0.0000,0.0000,0.0000,0.0000,0.0000,0.0000,0.0000,0.0000,126.4993,1410.2758,7.7762,12.1912,12.5338,0.1429,3fv1
9.4600,5430.0000,1265.0000,1482.0000,51.0000,1212.0000,286.0000,331.0000,11.0000,199.0000,47.0000,61.0000,1.0000,0.0000,0.0000,0.0000,0.0000,0.0000,0.0000,0.0000,0.0000,0.0000,0.0000,0.0000,0.0000,0.0000,0.0000,0.0000,0.0000,0.0000,0.0000,0.0000,0.0000,0.0000,0.0000,0.0000,0.0000,142.9525,2056.5027,4.4730,107.0872,3.9378,0.3333,2yki
9.5200,3503.0000,792.0000,792.0000,103.0000,705.0000,161.0000,157.0000,22.0000,466.0000,106.0000,117.0000,14.0000,0.0000,0.0000,0.0000,0.0000,0.0000,0.0000,0.0000,0.0000,677.0000,154.0000,161.0000,17.0000,233.0000,54.0000,48.0000,7.0000,0.0000,0.0000,0.0000,0.0000,0.0000,0.0000,0.0000,0.0000,95.3762,1580.4581,2.5787,47.3270,2.5472,0.2857,3g0w
9.7600,3483.0000,1006.0000,952.0000,20.0000,712.0000,210.0000,201.0000,4.0000,436.0000,113.0000,113.0000,2.0000,0.0000,0.0000,0.0000,0.0000,0.0000,0.0000,0.0000,0.0000,0.0000,0.0000,0.0000,0.0000,0.0000,0.0000,0.0000,0.0000,0.0000,0.0000,0.0000,0.0000,0.0000,0.0000,0.0000,0.0000,106.3519,1369.2740,2.5617,66.5521,2.8346,0.2500,3pe2
9.8900,4219.0000,871.0000,1049.0000,29.0000,461.0000,87.0000,111.0000,4.0000,0.0000,0.0000,0.0000,0.0000,0.0000,0.0000,0.0000,0.0000,0.0000,0.0000,0.0000,0.0000,0.0000,0.0000,0.0000,0.0000,211.0000,51.0000,57.0000,2.0000,0.0000,0.0000,0.0000,0.0000,0.0000,0.0000,0.0000,0.0000,126.4666,1345.5151,2.1968,89.2305,0.0000,0.4000,1e66
10.0000,3967.0000,1011.0000,1160.0000,22.0000,0.0000,0.0000,0.0000,0.0000,1036.0000,248.0000,288.0000,6.0000,0.0000,0.0000,0.0000,0.0000,0.0000,0.0000,0.0000,0.0000,0.0000,0.0000,0.0000,0.0000,0.0000,0.0000,0.0000,0.0000,0.0000,0.0000,0.0000,0.0000,0.0000,0.0000,0.0000,0.0000,74.5640,1420.5359,1.5416,57.0500,0.1026,0.1667,1igj
10.1700,4481.0000,1205.0000,1411.0000,12.0000,548.0000,141.0000,166.0000,2.0000,1235.0000,335.0000,397.0000,5.0000,0.0000,0.0000,0.0000,0.0000,193.0000,52.0000,60.0000,1.0000,0.0000,0.0000,0.0000,0.0000,0.0000,0.0000,0.0000,0.0000,0.0000,0.0000,0.0000,0.0000,0.0000,0.0000,0.0000,0.0000,131.3903,1876.8173,7.5116,54.3477,8.1816,0.0667,4tmn
10.6000,3360.0000,884.0000,845.0000,29.0000,612.0000,159.0000,153.0000,5.0000,930.0000,242.0000,232.0000,6.0000,0.0000,0.0000,0.0000,0.0000,0.0000,0.0000,0.0000,0.0000,0.0000,0.0000,0.0000,0.0000,0.0000,0.0000,0.0000,0.0000,0.0000,0.0000,0.0000,0.0000,0.0000,0.0000,0.0000,0.0000,111.7760,1359.0559,7.1974,20.4133,8.8760,0.1538,2zx6
10.7000,2996.0000,800.0000,796.0000,0.0000,1372.0000,364.0000,369.0000,0.0000,104.0000,28.0000,29.0000,0.0000,138.0000,36.0000,38.0000,0.0000,0.0000,0.0000,0.0000,0.0000,0.0000,0.0000,0.0000,0.0000,0.0000,0.0000,0.0000,0.0000,0.0000,0.0000,0.0000,0.0000,0.0000,0.0000,0.0000,0.0000,96.3332,1453.8269,4.2498,12.0608,2.2477,0.1053,3myg
10.7700,6177.0000,1674.0000,1935.0000,18.0000,870.0000,238.0000,274.0000,3.0000,962.0000,271.0000,317.0000,1.0000,138.0000,43.0000,52.0000,0.0000,0.0000,0.0000,0.0000,0.0000,0.0000,0.0000,0.0000,0.0000,0.0000,0.0000,0.0000,0.0000,0.0000,0.0000,0.0000,0.0000,0.0000,0.0000,0.0000,0.0000,213.7347,2612.3638,8.5609,85.8010,7.3753,0.0571,4gid
10.9200,4326.0000,1140.0000,1340.0000,96.0000,1001.0000,266.0000,324.0000,25.0000,790.0000,206.0000,235.0000,17.0000,121.0000,31.0000,36.0000,3.0000,0.0000,0.0000,0.0000,0.0000,0.0000,0.0000,0.0000,0.0000,175.0000,42.0000,54.0000,1.0000,0.0000,0.0000,0.0000,0.0000,0.0000,0.0000,0.0000,0.0000,166.8791,2048.2839,3.8048,48.6693,4.6908,0.0690,3utu
11.0600,2022.0000,561.0000,560.0000,14.0000,445.0000,126.0000,132.0000,2.0000,2065.0000,561.0000,552.0000,14.0000,0.0000,0.0000,0.0000,0.0000,172.0000,46.0000,48.0000,1.0000,0.0000,0.0000,0.0000,0.0000,0.0000,0.0000,0.0000,0.0000,0.0000,0.0000,0.0000,0.0000,0.0000,0.0000,0.0000,0.0000,92.1975,1493.3484,8.4304,5.5288,12.8725,0.1538,1lor
11.1500,3132.0000,872.0000,983.0000,79.0000,712.0000,197.0000,226.0000,16.0000,454.0000,126.0000,139.0000,10.0000,109.0000,32.0000,37.0000,3.0000,0.0000,0.0000,0.0000,0.0000,0.0000,0.0000,0.0000,0.0000,472.0000,142.0000,152.0000,14.0000,0.0000,0.0000,0.0000,0.0000,0.0000,0.0000,0.0000,0.0000,157.1898,1710.1948,2.9386,24.7638,1.4317,0.1250,1mq6
11.3300,5495.0000,1367.0000,1737.0000,89.0000,197.0000,49.0000,56.0000,3.0000,605.0000,149.0000,193.0000,9.0000,0.0000,0.0000,0.0000,0.0000,0.0000,0.0000,0.0000,0.0000,0.0000,0.0000,0.0000,0.0000,0.0000,0.0000,0.0000,0.0000,0.0000,0.0000,0.0000,0.0000,0.0000,0.0000,0.0000,0.0000,96.3350,1742.9323,2.0281,96.7167,0.0000,0.4000,2x00
11.3400,4155.0000,1007.0000,1278.0000,16.0000,649.0000,162.0000,204.0000,1.0000,895.0000,213.0000,261.0000,7.0000,0.0000,0.0000,0.0000,0.0000,0.0000,0.0000,0.0000,0.0000,0.0000,0.0000,0.0000,0.0000,0.0000,0.0000,0.0000,0.0000,0.0000,0.0000,0.0000,0.0000,0.0000,0.0000,0.0000,0.0000,118.7268,1745.9060,6.3373,64.6818,6.7786,0.1176,2j62
11.5200,4923.0000,1368.0000,1474.0000,3.0000,708.0000,197.0000,211.0000,0.0000,1109.0000,295.0000,333.0000,0.0000,335.0000,90.0000,104.0000,1.0000,0.0000,0.0000,0.0000,0.0000,0.0000,0.0000,0.0000,0.0000,0.0000,0.0000,0.0000,0.0000,0.0000,0.0000,0.0000,0.0000,0.0000,0.0000,0.0000,0.0000,114.3186,2078.5679,7.8424,50.5188,5.0637,0.0645,4djr
